name,appearance,original_habitat,modern_location,source_excerpt,source_translation,abilities,symbolism,category,mountain_location,chapter
祝余,状如韭而青华,招揪之山,广西省,有草融，其状如韭而青华，其名日祝余，食之不饥,形状像韭菜，开青色花，吃了不饿,食之不饥,象征不饥,植物,南,山经
迷坑,其状如损而黑理，其华四照,招揪之山,广西省,有木址，其状如损而黑理，其华四照，其名目迷坑，佩之不迷,形状像损木，黑色纹理，花四照，佩戴不迷路,佩之不迷,象征不迷,植物,南,山经
狂狂,其状如昌而白耳，伏行人走,招揪之山,广西省,有兽需，其状如昌而白耳，伏行人走，其名目狂狂，食之善走,形状像昌兽，白耳，伏行如人走，吃了善跑,食之善走,象征善跑,兽类,南,山经
鹿蜀,其状如马而白首，其文如虎而赤尾，其音如谣,要阳之山,广东省;江西省;湖南省,有兽焉，其状如马而白首，其文如虎而赤尾，其音如谣，其名日鹿蜀，修之宜子孙,形状像马，白首，纹如虎，赤尾，声音如歌谣，佩戴宜子孙,修之宜子孙,象征宜子孙,兽类,东,山经
旋怨,其状如龟而鸟首她尾,要阳之山,广东省;江西省;湖南省,其中多玄色，其状如龟而鸟首她尾，甚名目旋怨，其音如判木，佩之不聋，可以为底避,形状像龟，鸟首蛇尾，声音如判木，佩戴不聋，可以避邪,佩之不聋;可以为底避,象征避邪,混合形态或超自然生物,东,山经
钱,其状如牛，陵居，蛇尾有翼，其羽在乓下,检山,四川省,有鱼需，其状如牛，陵居，蛇尾有翼，其羽在乓下，甚音如留牛，其名目钱，冬死而夏生，信之无有痪,形状像牛，陵居，蛇尾有翼，声音如留牛，冬死夏生，信之无病,信之无有痪,象征无病,鱼类与水生生物,东,山经
类,其状如狸而有,坪爱之山,未知,有兽和，其状如狸而有，其名昌类，自为慈特，食者不妒,形状像狸，自为慈特，吃了不妒,食者不妒,象征不妒,兽类,东,山经
昌肯俏,状如鸡，三首六目，六足三翼,青丘之山,山东省,有鸟希，其状如鸡而三首六目，六足三可，其名昌肯俏,有鸟像鸡，三头六眼，六脚三翼,食之无卧,未知,鸟类,东,山经
九尾狐,状如狐而九尾，音如婴儿,青丘之山,山东省,有兽盐，其状如狐而九尾，其音如婴儿,有兽像狐，九尾，声音像婴儿,能食人;食者不串,长寿象征;魅惑之力,兽类,东,山经
灌灌,状如鸠,青丘之山,山东省,有岛看，其状如鸠，甚音车呵，名昌灌灌,有鸟像鸠，声音奇特,佩之不惑,未知,鸟类,东,山经
赤锯,状如鱼而人面，音如锣几,即辟之泽,四川省;云南省,其中多赤锯，其状如鱼而人面，其音如锣几,有鱼像人面，声音像锣,食之不病,未知,鱼类与水生生物,南,山经
神状尼鸟身龙首,鸟身龙首,南山,湖南省;广东省,其神状尼鸟身而龙首,神像鸟身龙首,未知,未知,混合形态或超自然生物,南,山经
猩猩,人面兽身,未知,山东省,有兽人面，名昌狂狂,有兽人面，名昌狂狂,未知,未知,兽类,未知,未知
虹虫,色如绥文，鼻上有针,未知,未知,盎虫，色如绥文，鼻上有针，大者百余厅，一名反鼻,色如绥文，鼻上有针，大者百余斤,未知,未知,未知,未知,未知
留牛,状如复牛，似虎文,东山,山东省,其状如复牛,形状像复牛,未知,未知,兽类,东,山经
鳃,冬死而夏生,未知,未知,冬死而夏生,冬天死亡夏天复活,冬眠;夏苏,生命循环;季节更替,鱼类与水生生物,未知,未知
上类,状如猩而有芭,齐爱之山,山东省,其状如猩而有芭,形状像猩猩有芭,未知,未知,兽类,未知,未知
赤鲜,盖人人鱼之类,未知,四川省;云南省,赤鲜，盖人人鱼之类,类似人鱼,无,无,鱼类与水生生物,未知,未知
旋龟,形似普通乌龟，鸟头，毒蛇尾,棚阳山,湖南省;江西省,形状像普通乌龟，却长着鸟的头和毒蛇样的尖锐的尾巴,形似乌龟，鸟头蛇尾,佩戴可治耳疾和足底老茧,治病驱邪,鱼类与水生生物,东,山经
猫施,形似羊，九尾，四耳，眼睛生在背上,基山,青海省;四川省,形状像羊，长有九条尾巴，四只耳朵，眼睛生在背上,形似羊，九尾四耳，眼在背上,佩戴皮毛可使人不恐惧,驱除恐惧,兽类,东,山经
煌售,形似鸡，三头，六眼，六腿，三翅,基山,河南省;山东省,形状像鸡，却长了三个脑袋，六只眼睛，六条腿，三只翅膀,形似鸡，三头六眼六腿三翅,吃了可使人精神兴奋，睡不着觉,提神醒脑,鸟类,东,山经
赤铺,形状像旬，有一张人样的脸,英水,广东省,水中多产人鱼类的赤铺，形状像旬而有着一张人样的脸,形状像旬，有人脸,吃了它可以不生闻疮,治愈与保护,鱼类与水生生物,未知,山经
狸力,形状像豚，有距,柜山,山东省;浙江省;福建省,有兽需，其状如豚，有距，其音如狗嘱，其名上狸力,形状像豚，有距，声音像狗,见则其县多土功,劳动与建设,兽类,西,山经
特,形状像鸭而人手,柜山,山东省;江苏省,有鸟大，其状如鸭而人手，其音如疗，其名目特,形状像鸭，有人手,见则其县多放士,自由与放逐,鸟类,西,山经
长右王,形状像遇而四耳,长右之山,四川省;云南省,有兽焉，其状如遇而四耳，其名长右王，其音如吟驴,形状像遇，有四耳，声音像驴,见则郡县大水,洪水与灾难,兽类,东,山经
昕独惠,状如人而葛岩，穴居而冬霍,尧光之山,山西省;山东省,"有兽焉, 其状如人而葛岩, 穴居而冬霍, 其名昕独惠",有一种兽，形状像人，住在洞穴里，冬天会冬眠,冬眠,未知,兽类,南,山经
葛,状如虎而牛尾，音如员犬,浮玉之山,浙江省,有普天，其状如虎而牛尾，其音如员犬，其名日葛，是食人,有一种兽，形状像虎，尾巴像牛，声音像狗，名叫葛，会吃人,食人,凶兽之象;食人恶兽,兽类,东,山经
尊,状如羊而无口,淘山,山东省;河南省,有兽囊，其状如羊而无口，不可杀也，甚名目尊,有一种兽，形状像羊但没有口，无法被杀死，名叫尊,无法被杀死,未知,兽类,东,山经
昌串雕,形状像雕但有角,鹿吴之山,浙江省;江苏省,其状如雕而有角，其音如婴儿之音，是食人,形状像雕但有角，声音像婴儿，吃人,食人,凶猛的象征,混合形态或超自然生物,南,山经
些鱼,狭薄而长头，大者尺余,太湖,江苏省苏州市西南太湖,些鱼狭薄而长头，大者尺余，太湖中今饶之，一名刀鱼,些鱼身体狭长，头部较大，生活在太湖中,无特殊能力,无特殊象征意义,鱼类与水生生物,未知,未知
猩力,形状像小猪，长着一对鸡足，声音像狗叫,柜山,山东省;江苏省,有一种兽，形状像小猪，长着一对鸡足，它的声音像狗叫，它的名字叫猩力,形状像小猪，有鸡足，叫声像狗,预示繁重的水土工程,预示水土工程,兽类,西,山经
长右,形状像长尾狼，长着四只耳朵,长在山,吉林省,形状像长尾狼，长着四只耳傈，它的名字叫长右，它的声音像人别吟，它所出现的郡县，定会发生大水灾,长右出现的地方会发大水,预示水灾,水灾的预兆,兽类,东南,山经
猎训,形状像人，长着猪样的刚硬霹毛,翘光山,新疆维吾尔自治区,形状像人，却长着猪样的刚硬霹毛，住在山洞里，一到冬天便垫伏起来，它的名字叫猎训，它的声音像砍木头，它所出现的那个县，一定会有大的特和投,猎训出现的地方会有大灾,预示灾难,灾难的预兆,兽类,东,山经
黄,形状像老虎，长着牛的尾巴,浮玉山,浙江省,形状像老虎，却长着牛的尾巴，它的声音像曜叫的狗，它的名字叫黄，能吃人,黄是一种吃人的怪兽,吃人,凶猛的象征,兽类,东,山经
状,形状像羊却没有嘴巴,淘山,未知,有 一 种 兽 ， 形 状 像 羊 却 没有 嘴巴 ， 不 吃 东西 而 生活 自如 ， 它 的 名 字 叫 状,形状像羊却没有嘴巴，不吃东西而生活自如,不吃东西而生活自如,神秘生物,兽类,东,山经
串雕,形状像鹏而头上有角,庵吴山,江苏省,有 一 种 曾 ， 名 字 叫 串 雕 ， 形 状 像 鹏 而 头 上 有 角 ， 鸣 叫 的 声音 像 婴儿 啼哭 ， 能 够 吃 人,形状像鹏而头上有角，鸣叫像婴儿啼哭，能吃人,吃人,凶恶生物,混合形态或超自然生物,东,山经
趴如,鸟状，白首、三足、人面,祷过之山,未知,有鸟焉，其状如效，而白首、三足、人面，其名日趴如，其鸣自号也。,有鸟名叫趴如，白首、三足、人面。,鸣声自号,未知,鸟类,东,山经
虎蛟,鱼身蛇尾,滔水,青海省;甘肃省,其中有虎蛟，其状鱼身而蛇尾，其音如鸳叫，食者不肿，可以已峙。,有虎蛟，鱼身蛇尾，叫声像鸳鸯。,食者不肿;可以已峙,疗愈之力;驱邪避灾,鱼类与水生生物,东,山经
凤皇,状如鸡，五彩而文,丹穴之山,湖南省;江西省,有鸟焉，其状如鸡，五采而文，名日凤皇，首文日德，翼文目义，背文日礼，唐文日仁，腹文日信。,有鸟名叫凤皇，状如鸡，五彩斑斓。,饮食自然;自歌自钴;见则天下安宁,天下安宁,鸟类,东,山经
能鱼,状如鱼而莫毛,鸡山,山东省,其中有能鱼，其状如鱼而莫毛，其音如豚，见则天下大旱。,有能鱼，状如鱼而无毛，叫声像猪。,见则天下大旱,大旱之兆,鱼类与水生生物,东,山经
烦,状如提，人面四目有耳,谷赵山,河北省;山西省,"有鸟焉, 其状如提, 人面四目而 有耳, 其名日烦",有一种鸟，形状像提，人面四目有耳，名叫烦,见则天下大旱,预示干旱,鸟类,中,山经
昌自蔚,状如载而赤理，其汗如漆,昌仑者之山,青海省,"有木焉,其状如载而赤理，其汗如漆，其味如怡，食者不似，可以释劳僻",有一种树，形状像载，红色纹理，汗如漆，味道如怡,食者不似;可以释劳僻,解疲劳,混合形态或超自然生物,东,山经
龙身人面神,龙身而人面,南次三经之首,湖南省,其神皆龙身而人面,这些神都是龙身人面,未知,守护神,混合形态或超自然生物,南,山经
瞿如,形状像效，白脑袋，三只足，人的脸,祷过山,河南省;山东省,有一种乌，形状像效，却是白脑袋，三只足，人的脸，它的名字叫瞿如,瞿如鸟，形似效，白首三足，人脸,鸣叫声音与名字相同,不详,鸟类,南,山经
铸鱼,形状象鲫鱼，长着猪的尾巴,鸡山,河南省;山东省,水 里 产 有 一 种 叫做 铸 鱼 的 鱼 类 ， 形 状 象 鲫鱼 ， 却 长 着 猪 的 尾巴 ， 鸣 叫 的 声音 像 小 猪 ， 只 要 它 一 出 现 天 下 就 会 发 生 大 旱灾 。,铸鱼出现会导致大旱灾,导致大旱灾,旱灾的预兆,鱼类与水生生物,东,山经
赐,形状像巢，人脸，四只眼睛，一对耳杀,令丘山,山东省;河南省,"有 一 种 乌 , 形状 像 巢 ， 人 的 脸 , 四 只 眼睛 ， 还 长 着 一 对 耳 杀 ， 它 的 名 字 叫 赐 ， 它 鸣叫 的 声音 和 它 的 名 字 相 同 ， 它 一 出 现 天 下 就 会 发 生 大 旱灾 。",赐出现会导致大旱灾,导致大旱灾,旱灾的预兆,鸟类,东,山经
白益,形状像构树，有红色纹理，汁水像漆,仑者山,云南省;四川省,有 一 种 树 ， 形 状 像 构 树 而 有 红色 的 纹理 ， 树 身 流 出 的 汁 水 像 漆 ， 它 的 味道 像 糖 桨 ， 吃 了 可 以 不 饥 饿 ， 又 可 以 使 人 忘记 忧愁 ， 它 的 名 字 叫 白 益 ， 可 以 用 来 染 玉石 。,白益树汁可食用，能染玉石,不饥饿;忘记忧愁;染玉石,神奇植物,混合形态或超自然生物,东,山经
风皇,未详细描述,佐水一带,河南省;山西省,沿水一带有风皇、酋雏,佐水一带生活着风皇和酋雏,未描述,未描述,混合形态或超自然生物,南,山经
酋雏,未详细描述,佐水一带,陕西省,沿水一带有风皇、酋雏,佐水一带生活着风皇和酋雏,未描述,未描述,混合形态或超自然生物,南,山经
减羊,状如羊而马尾,旧钱来之山,山东省,有兽鼻，其状如羊而马尾，名日减羊,有一种兽，形状像羊但有马尾，名叫减羊,其脂可以已腊,未描述,兽类,西,山经
蝙渠,状如山鸡，黑身赤足,松果之山,河南省;陕西省,"有鸟焉,其名目蝙渠,其状如山鸡，黑身赤足",有一种鸟，名叫蝙渠，形状像山鸡，黑身红脚,可以已腺,未描述,鸟类,西,山经
肥蜂,六足四翼,太华之山,陕西省,有蛇需，名日肥蜂，六足四翼,有一种蛇，名叫肥蜂，有六只脚和四只翅膀,兄则天下太旱,未描述,爬行与蛇类,西,山经
赤警,未详细描述,小华之山,陕西省,鸟多赤警，可以御火,有很多赤警鸟，可以抵御火灾,可以御火,未描述,鸟类,西,山经
葱爷,未详细描述,符昌之山,青海省;四川省,其兽多葱爷,符昌之山有很多葱爷兽,未描述,未描述,兽类,西,山经
肥遗,状如葛，黄身而赤哮,英山,湖北省,有鸟下，其状如葛，黄身而赤哮，其名日肥遗，食之已病党，可以杀虫。,肥遗鸟，黄身红嘴，食之可治病杀虫。,治病;杀虫,治病杀虫,鸟类,西,山经
豪艺司,状如豚而白毛，大如和而黑端屏,竹山,湖北省,有兽需，其状如豚而白毛，大如和而黑端屏，名昌豪艺司。,豪艺司兽，形似猪，白毛黑尾。,未知,未知,兽类,西,山经
枫,状如晶而长臂，善投,芥次之山,山西省;山东省;河南省,有兽看，其状如晶而长臂，善投，其名日枫。,枫兽，形似晶石，长臂善投。,善投,未知,兽类,西,山经
史,人面一足，形状如泉,时山,陕西省;四川省,有鸟焉，其状如泉，人面而一足，名曰史,形状如泉，人面一足的鸟,冬见夏热;服之不旦雷,未知,鸟类,西,山经
猛豹,未知,南山,湖南省;江西省;广东省,兽多猛豹,南山多猛豹,未知,未知,兽类,西,山经
尸约,未知,南山,湖南省;江西省;广东省,鸟多尸约,南山多尸约鸟,未知,未知,鸟类,西,山经
白翰,未知,峰家之山,四川省;云南省;青海省,鸟多白翰,峰家之山多白翰鸟,未知,未知,鸟类,西,山经
赤敬,未知,峰家之山,四川省;云南省,鸟多赤敬,峰家之山多赤敬鸟,未知,未知,鸟类,西,山经
背艺,其叶如草，其本如桔梗，黑华而不实,峰家之山,山西省;陕西省,有草下，其叶如草，其本如桔梗，黑华而不实，名曰背艺,形状如草，黑花不实的草,食之使人无子,未知,混合形态或超自然生物,西,山经
峪边,状如狗,天帝之山,青海省,有兽盐，其状如狗，名曰峪边,形状如狗的兽,席其皮者不串,未知,兽类,西,山经
标,状如总，黑文而赤翁,天帝之山,青海省,有乌焉，其状如总，黑文而赤翁，名曰标,形状如总，黑文赤翁的鸟,食之已将,未知,鸟类,西,山经
杜衡,状如葵，其臭如蘑芜,天帝之山,陕西省;河南省,有草盐，其状如葵，其臭如蘑芜，名曰杜衡,形状如葵，气味如蘑芜的草,可以走马避;食之已瘦,未知,混合形态或超自然生物,西,山经
鼻,白石,皋涂之山,甘肃省;陕西省,有白石下，其名曰鼻,名为鼻的白石,可以毒鼠,未知,混合形态或超自然生物,西南,山经
无条,状如豪攻，其叶如葵而赤背,皋涂之山,甘肃省;陕西省,有草需，其状如豪攻，其叶如葵而赤背，名曰无条,形状如豪攻，叶如葵赤背的草,可以毒记,毒草;赤叶,混合形态或超自然生物,西南,山经
鹿状兽,状如鹿而白尾，马足,皋涂之山,青海省;四川省;云南省,有兽需，其状如鹿而白尾，马足,形状如鹿，白尾马足的兽,未知,未知,兽类,西南,山经
独如,人形，有四角,黄山,安徽省,人 手 而 四 角 ， 名 目 独 如,人形，有四角，名叫独如,无,未知,混合形态或超自然生物,西,山经
上数斯,形状像枫树，有人足,黄山,安徽省,有 鸟 焉 ， 其 状 如 枫 而 人 足 ， 名 上 数 斯,有鸟，形状像枫树，有人足，名叫上数斯,食之已瘦,未知,鸟类,西,山经
昌筝,形状像牛，苍黑色，大目,黄山,安徽省,有 兽 看 ， 其 状 如 牛 ， 而 苍 黑 大 目 ， 其 名 昌 筝,有兽，形状像牛，苍黑色，大目，名叫昌筝,无,未知,兽类,西,山经
网欧忆,形状像约，青羽赤喉，人舌能言,黄山,安徽省,有 鸟 焉 ， 其 状 如 约 ， 青 羽 赤 喉 ， 人 舌 能 言 ， 名 日 网 欧 忆,有鸟，形状像约，青羽赤喉，人舌能言，名叫网欧忆,能言,能言善辩;青赤之象,鸟类,西,山经
鹏,赤黑色，两首四足,上殿山,河南省;陕西省,其 乌 多 鹏; ， 其 状 如 前 ， 赤 黑 而 两 首 四 足,有鸟叫鹏，赤黑色，两首四足,可以御火,御火之能;双首异象,鸟类,西,山经
人鱼,如鲜鱼四脚,海内北经及海外西经,辽宁省;河北省;山东省,如鲜鱼四脚,像鲜鱼但有四只脚,未知,未知,鱼类与水生生物,西,海内经
豪猪,大如敌而黑端,未知,云南省;贵州省;四川省,大如敌而黑端,大小如敌，黑色尖端,以毛射物,未知,兽类,未知,未知
无伤,机叶有刺,未知,未知,机叶有刺,叶子有刺,能伤人,伤害之力;锐利之象,未知,未知,未知
芒芜,香草,未知,河南省;安徽省,萨范，香草,香草，气味如兰,未知,未知,未知,未知,未知
尸鸠,布谷类,未知,青海省;山东省,尸鸠，布谷类也,尸鸠是布谷鸟的一种,未知,未知,鸟类,未知,未知
豪葵,香草,青要之山,山东省,豪葵，香草。,豪葵是一种香草。,无,象征香气,植物,中,山经
由,未知,未知,未知,其名曰由，可以毒鼠。,名叫由，可以毒杀老鼠。,毒鼠,象征毒杀,混合形态或超自然生物,未知,未知
鹦鹉,未知,未知,山东省,鹦骸，即鹦鹉。,鹦骸就是鹦鹉。,无,象征鸟类,鸟类,未知,未知
靡,似铬而小，有香气,山崖间,四川省;云南省,靡似铬而小，有香,靡像铬但较小，有香气,无,未知,混合形态或超自然生物,未知,未知
闫羊,形状像羊，长着马的尾巴,钱来山,青海省;四川省,形状像羊，却长着马的尾巴，名叫闫羊，它的油脂可以润泽和干久的皮肤,形状像羊，长着马的尾巴，油脂可润泽皮肤,油脂可润泽皮肤,润泽皮肤,兽类,西,山经
蚁渠,形状像山鸡，黑身子，红足爪,松果山,陕西省;甘肃省,形状像山鸡，黑身子，红足爪，可以拿它来治皮肤起皱,形状像山鸡，黑身红爪，可治皮肤起皱,治皮肤起皱,治疗皮肤,鸟类,西,山经
尾牛,体重千斤,小华山,陕西省,所产的兽大都是体重千斤的尾牛,体重千斤的尾牛,无,力量象征,兽类,西,山经
示警,未知,小华山,陕西省,所产鸟多是示警，可以养了来防御火灾,可防御火灾的鸟,防御火灾,防火象征,鸟类,西,山经
草蕊,形状像乌非，生在石头上，攀缘树干,小华山,陕西省,形状像乌非，生在石头上，也攀缘树干而生，吃了它可以治心痛病,形状像乌非，可治心痛,治心痛病,治疗心痛,植物,西,山经
文莽,果实像束子,符遇山,陕西省,它的果实像束子，可以医治耳营,果实像束子，可治耳病,医治耳病,治疗耳病,植物,西,山经
芍克,形状像羊，长有红色晨毛,符遇山,福建省;黑龙江省,所产兽多是芍克，形状像羊而长有红色的晨毛,符遇山上有一种兽，形状像羊，毛色红,无特殊能力描述,未知,兽类,北,山经
鸥乌,形状像法鸟，红嘴壳,符遇山,未知,所产鸟多是鸥乌，形状像法鸟，却是红嘴壳,符遇山上有一种鸟，形状像法鸟，嘴壳红色,可以养了来防御火灾,防御火灾,鸟类,北,山经
黄董,形状像楼树，叶子像麻叶，白花，红果实，果实紫红色,竹山,湖南省,有一种草，它的名字叫黄董，形状像楼树，叶子像麻叶，白的花，红的果实，果实的颜色是紫红色,竹山上有一种草，形状像楼树，叶子像麻叶，白花红果,拿它来洗澡可以消除病疮;可以消除肿瘤,消除疾病,植物,北,山经
时,形状像母猴，长有长长臂膊,痊次山,山西省;陕西省,形状像母猴却长有长长的臂膊，善于投掷，名字叫时,形似母猴，长臂善投掷,善于投掷,无特殊象征,兽类,西,山经
带一,形状像泉鸟，人脸，一只足,痊次山,青海省;新疆维吾尔自治区;西藏自治区,形状像泉鸟，人的脸，一只足，名字叫带一，冬天出现，夏天垫伏,形似泉鸟，人脸独足，冬现夏伏,佩带其毛羽可不怕打雷,避雷,鸟类,西,山经
猛鹏,无详细描述,南山,湖南省;江西省;广东省,所产兽多是能够吃蛇和铜铁的猛鹏,能吃蛇和铜铁的猛兽,吃蛇;吃铜铁,凶猛,兽类,西,山经
尸移,无详细描述,南山,湖南省;江西省,所产鸟多是尸移一就是布谷鸟,布谷鸟,无特殊能力,无特殊象征,鸟类,西,山经
犀牛,不详,座山,四川省;云南省,所产兽多是犀牛,座山上的兽类多为犀牛,不详,不详,兽类,东南,山经
邵,不详,座山,湖南省,所产兽多是邵,座山上的兽类多为邵,不详,不详,兽类,东南,山经
狗能,不详,座山,山东省,所产兽多是狗能,座山上的兽类多为狗能,不详,不详,兽类,东南,山经
人能,不详,座山,未知,所产兽多是人能,座山上的兽类多为人能,不详,不详,兽类,东南,山经
白输,不详,座山,青海省;山西省;山东省,所产鸟多是白输,座山上的鸟类多为白输,不详,不详,鸟类,东南,山经
赤览,不详,座山,四川省;云南省,所产鸟多是赤览,座山上的鸟类多为赤览,不详,不详,鸟类,东南,山经
萌蓉,叶像看叶，茎干像桔梗，开黑色花不结果实,座山,山东省;山西省,有一种草，它的叶像看叶，它的茎干像桔梗，开黑色花却不结果实，名叫萌蓉,座山上有一种草，吃了会使人不生孩子,使人不生孩子,不详,植物,东南,山经
愉石,白色石头,皋涂山,青海省,有一种白色石头，名叫愉石，可用来毒杀老鼠,皋涂山上有一种白色石头，可毒杀老鼠,毒杀老鼠,不详,矿物,西南,山经
狼如,形状像庵，白色尾巴，马足，前足像人手，头上有四只角,皋涂山,青海省;四川省,有一种兽，形状像庵，白色尾巴，马足，前足像人手，头上有四只角，名叫狼如,皋涂山上有一种兽，形状奇特,不详,不详,兽类,西南,山经
数斯,形状像露鹰，足像人足,皋涂山,陕西省;甘肃省,有一种鸟，形状像露鹰，足像人足，名叫数斯,皋涂山上有一种鸟，吃了可消除颈疾上的肉瘤,消除颈疾上的肉瘤,不详,鸟类,西南,山经
笔牛,形状像牛，苍黑色，大眼睛,盼水发源的山,云南省;四川省,形状像牛，却是苍黑的颜色，大大的眼睛，名叫笔牛,形状像牛，苍黑色，大眼睛,无,无,兽类,西,山经
鹦巫,形状像约鸟，青色羽毛，红色嘴壳，人样舌头,盼水发源的山,四川省;云南省,形状像约鸟，青色的羽毛，红色的嘴壳，人样的舌头，能够说话，名叫鹦巫,形状像约鸟，青色羽毛，红色嘴壳，能说话,能够说话,无,鸟类,西,山经
黎鸟,形状像喜鹊，通身红黑色，两个脑袋，四只脚,滩山,浙江省;福建省,形状像喜鹊，通身红黑色。两个脑袋，四只脚，养了它可以防御火灾,形状像喜鹊，红黑色，两个脑袋，四只脚,防御火灾,防御火灾,鸟类,西,山经
白蛇,白色蛇类,绰泰冒之山,山东省,多白蛇,有很多白蛇,无,无,爬行与蛇类,西,山经
鹦骼,鸟类,旦数历之山,云南省,其乌多鹦骼,有很多鹦骼鸟,无,无,鸟类,西,山经
百弯鸟,形状像翟鸟，五彩花纹,昌女床之山,河南省;湖北省;山东省,有鸟址，其状如翟而五采文，名上百弯鸟，见则天下安宁,有一种鸟，形状像翟鸟，五彩花纹，名叫百弯鸟，出现则天下安宁,预示天下安宁,和平象征,鸟类,西,山经
百锅很,形状像雄鸡，人脸,百鹿台之山,山东省,有鸟焉，其状如雄鸡而人面，名百锅很，其鸣自叫也，见则有兵,有一种鸟，形状像雄鸡，人脸，名叫百锅很，鸣叫时自呼其名，出现则有战争,预示战争,战争象征,鸟类,西,山经
朱厌,形状像猿，白首赤足,小次之山,山西省;陕西省,有兽看，其状如猿，而白首赤足，名日朱厌，见则大兵,有一种兽，形状像猿，白首赤足，名叫朱厌，出现则有大战争,预示大战争,战争象征,兽类,西,山经
罗罗,鸟形，食人,莱山,山东省,其鸟多罗罗，是食人,莱山上有许多罗罗鸟，会吃人,食人,凶险,鸟类,西,山经
飞兽之神,人面牛身，四足一臂，操杖,西次二经,青海省;四川省,其七神皆人面牛身，四足而一臂，操杖以行,七位神都是人面牛身，四足一臂，持杖行走,飞行;操杖,神性,混合形态或超自然生物,西,山经
十辈神,人面马身,西次二经,青海省,其十神者，人面而马身,十位神都是人面马身,未知,神性,混合形态或超自然生物,西,山经
抱生,状如雄鸡，人面,未知,未知,"其状如雄鸡而人面，名日抱生,鸣其自叫也",形状像雄鸡，长着人脸，名叫抱生，鸣叫时会自呼其名,鸣叫自呼其名,母性崇拜;未知,混合形态或超自然生物,未知,未知
糜,大如小牛，鹿属,未知,四川省;云南省,廉大如小牛，鹿属也,体型像小牛，属于鹿类,未知,未知,兽类,未知,未知
狗,兽，豹文,未知,山西省;四川省,狗，兽，豹文,狗是一种有豹纹的兽,未知,未知,兽类,未知,未知
弯鸟,形状像山鸡，有五彩色羽毛,女床山,陕西省;河南省,有一种乌，形状像山鸡而有五彩的羽毛，名字叫弯鸟，它一出现天下就会太平,弯鸟出现预示天下太平,预示太平,和平象征,鸟类,西,山经
扣很,形状像雄鸡却长着人的脸,鹿台山,山西省,有一种鸟，形状像雄鸡却长着人的脸，名叫扣很，它的鸣声是自呼其名，只要它一出现就会有战争,扣很出现预示战争,预示战争,战争象征,鸟类,西,山经
举父,状如昌而文臂，豹虎而善投,旧崇寿之山,河南省;陕西省,有兽盐，其状如昌而文臂，豹虎而善投，名曰举父,有一种兽叫举父，形状像昌，有花纹的臂膀，像豹虎一样善于投掷,善投,力量象征;投掷技艺,兽类,西,山经
蛮诸,状如锡，一翼一目，相得乃飞,旧崇寿之山,河南省,有鸟下，其状如锡，而一翼一目，相得乃飞，名曰蛮诸,有一种鸟叫蛮诸，形状像锡，只有一翼一目，相得才能飞,见则天下大水,水灾的预兆,鸟类,西,山经
钦秒,状如雕，黑文白首，赤喙虎爪,钟山,江苏省,钦秒化为大嗜，其状如雕而黑文白首，赤喙而虎爪，其音如晨扑,钦秒变成大雕，黑纹白头，红嘴虎爪,见则有大兵,战争征兆,混合形态或超自然生物,东,山经
鼓,状如柳，赤足直喙，黄文白首,钟山,陕西省,鼓亦化为钢鸟，其状如柳，赤足而直喙，黄文而白首,鼓变成钢鸟，赤足直喙，黄纹白头,见即其昌大旱,干旱征兆,混合形态或超自然生物,东,山经
文鳃鱼,状如鲤鱼，鱼身鸟翼，苍文白首赤喙,泰器之山,陕西省;甘肃省,是多文鳃鱼，状如鲤鱼，鱼身而鸟翼，苍文而白首赤喙,文鳃鱼像鲤鱼，鱼身鸟翼，苍纹白头红嘴,以夜飞;食之已狂;见则天下大入,吉祥征兆,鱼类与水生生物,西,山经
英招,马身人面，虎文鸟翼,槐江之山,江西省;湖南省,神英招司之，其状马身而人面，虎文而鸟翼,英招神马身人面，虎纹鸟翼,衔于四海,守护神,混合形态或超自然生物,西,山经
天神,状如牛，八足二首马尾,槐江之山,未知,有天神赴，其状如牛，而八足二首马尾,天神像牛，八足二首马尾,见则其昌有兵,战争征兆,混合形态或超自然生物,东,山经
陆吾,虎身九尾，人面虎爪,昆仑之丘,青海省,神陆吾司之，其神状虎身而九尾，人面而虎爪,陆吾神虎身九尾，人面虎爪,司天,守护神,混合形态或超自然生物,西南,山经
土炎,状如羊而四角,未知,云南省;四川省,有兽看，其状如羊而四角，名日土炎，是食人。,形状像羊但有四角，名叫土炎，会吃人。,食人,凶兽,兽类,未知,未知
钦原,状如玄鸟，大如锣俘,未知,青海省,有鸟再，其状如玄，大如锣俘，名上曰钦原，萤鸟兽则死，芝木则枯。,形状像玄鸟，大小如锣俘，名叫钦原，触碰鸟兽则死，草木则枯。,触碰鸟兽则死;触碰草木则枯,死亡与枯萎,鸟类,未知,未知
竟鸟,未知,未知,未知,有鸟焉，其名日竟鸟，是司帝之百服。,名叫竟鸟，掌管帝王的服饰。,司帝之百服,掌管服饰,鸟类,未知,未知
狭,状如犬而豹文，角如牛,未知,未知,有兽硕，其状如犬而豹文，其角如牛，其名日狭，甚音如嘱犬，见则其国大入。,形状像犬但有豹纹，角如牛，名叫狭，叫声像犬，出现则国家大乱。,见则其国大乱,国家动乱,兽类,未知,未知
胜遇,状如翟而赤,未知,云南省;青海省,有鸟看，其状如翟而赤，名目胜遇，是食鱼，其音如录，见则其国大水。,形状像翟鸟但红色，名叫胜遇，吃鱼，叫声如录，出现则国家发大水。,食鱼;见则其国大水,洪水,鸟类,未知,未知
西王母,状如人，豹尾虎齿，蓬发戴胜,玉山,青海省,西王母其状如人，豹尾虎齿而善哺，蓬发戴胜，是司天之厉及五残。,西王母形状像人，豹尾虎齿，善于哺育，蓬发戴胜，掌管天灾和五残。,司天之厉及五残,天灾与五残,混合形态或超自然生物,西,未知
长乘,状如人而狗尾,赢母之山,陕西省;甘肃省,神长乘司之，是天之九德也。其神状如人而狗尾。,神长乘掌管天之九德，形状像人但有狗尾。,司天之九德,天之九德,混合形态或超自然生物,西,未知
白帝少昊,不详,长留之山,山东省,其神白帝少昊居之,白帝少昊居住在此,主司反景,西方之神,混合形态或超自然生物,西,山经
鞍呈,状如赤豹，五尾一角,章莪之山,辽宁省,有兽需，其状如赤豹，五尾一角，其音如击石，其名如鞍呈,形状像赤豹，五条尾巴一只角,音如击石,不详,兽类,西,山经
毕方,状如稚，一足，赤文青质而自晓,章莪之山,四川省;云南省,有鸟址，其状如稚，一足，赤文青质而自晓，名日毕方,形状像稚鸟，一只脚，红色花纹青色身体,其鸣自叫，见则其邑有访火,火灾之兆,鸟类,西,山经
天狗,状如狸而白首,阴山,内蒙古自治区,有兽需，其状如狸而白首，名目天狗,形状像狸猫，白色头部,其音如榴榴，可以御区,不详,兽类,西,山经
微备,状如牛，白身四角，其豪如披攻,三危之山,甘肃省,其上有兽需，其状如牛，白身四角，其豪如披攻，其名日微备,形状像牛，白色身体四只角,是食人,不详,兽类,西,山经
枸,一首而三身，其状如条,三危之山,甘肃省,有鸟看，一首而三身，其状如条，其名目枸,一只头三个身体，形状像条,不详,不详,鸟类,西,山经
着童,不详,驳山,未知,神着童居之，其音常如钟莫,着童神居住在此，声音像钟声,不详,不详,混合形态或超自然生物,西,山经
帝江,赤如丹火，六足四翼，浑敦无面目,济山,山东省,赤如丹火，六足四翼，浑敦无面目，是识歌舞，实为帝江也,红色如火，六足四翼，没有面目，能歌善舞，名为帝江,识歌舞,象征混沌,混合形态或超自然生物,西,山经
谱,状如狸，一目三尾,必望之山,云南省;贵州省;四川省,其状如狸，一目而三尾，名曰谱,形状像狸猫，一只眼睛三条尾巴，名为谱,御凶;服之已阅,象征祥瑞,兽类,西,山经
交鲍,状如乌，三首六尾,必望之山,青海省,其状如乌，三首六尾而善笑，名曰交鲍,形状像乌鸦，三个头六条尾巴，喜欢笑，名为交鲍,服之不厌;御凶,象征吉祥,鸟类,西,山经
神红光,未知,济山,山东省,神红光之所司也,红光神掌管此地,未知,象征光明,混合形态或超自然生物,西,山经
夸父,似猕猴，黄黑色，大如狗,建平山,陕西省;河南省,状如夸父而黄毛，其音如呼，见则天下大水,形状像夸父，黄毛，叫声像呼喊，出现时天下会发大水,能举石掷人;善投,象征力量与迅捷,兽类,东,山经
上顺,状如夸父，四翼一目，犬尾,梁渠之山,河南省;陕西省,状如夸父，四翼一目，犬尾，名上顺，其音如鹊，食之已腹痛，可以止衍,形状像夸父，四翼一目，犬尾，叫声像鹊，吃了可以治腹痛,食之已腹痛;可以止衍,象征治愈,鸟类,北,山经
比翼鸟,色青赤，不比不能飞,海外南经,广东省;广西壮族自治区;海南省,色青赤，不比不能飞,青色和红色，不并排不能飞,不比不能飞,象征爱情与伴侣,鸟类,南,海外经
不周之山,山形有缺不周币处,大荒西经,山西省,此山形有缺不周币处，因名云。西北不周风自此山出,山形有缺口，西北风从此山吹出,西北不周风自此山出,象征不完整与风,混合形态或超自然生物,西,大荒经
烛阴,人面蛇身,钟山,陕西省,钟山之神，名目烛阴，其为物人面蛇身,钟山之神，名叫烛阴，人面蛇身,未知,山神,混合形态或超自然生物,北,海外经
堪坏,人面兽形,昆仑山,青海省,堪坏得之，以比昆仑,堪坏神名，人面兽形,未知,神名,混合形态或超自然生物,西,山经
祖江,未知,瑶峪之赤岸,四川省;云南省,吊祖江之见刘,祖江被提及,未知,未知,混合形态或超自然生物,南,山经
晨秽,蝇属,未知,山东省;江苏省,晨秽，蝇属，犹云晨儿耳,晨秽是蝇类,未知,未知,混合形态或超自然生物,未知,山经
纲乌,未知,未知,广东省;福建省,纲乌，音俊,纲乌的发音为俊,未知,未知,鸟类,未知,山经
鳄鱼,未知,曹水,山东省,曹水之鱼，名曰钱,曹水中的鱼名为钱,未知,未知,鱼类与水生生物,西,山经
鲤鱼,未知,西海,青海省,常行西海，游于东海,常在西海游动，游到东海,未知,未知,鱼类与水生生物,西,山经
弯鸡,未知,未知,河南省;云南省;河北省,弯鸡，乌名，未详也,弯鸡是一种鸟，详情未知,未知,未知,鸟类,未知,山经
槐鬼离仑,未知,槐江之山,青海省,槐鬼离仑,槐鬼离仑是神名,未知,未知,混合形态或超自然生物,西,西山经
开明兽,虎身九尾，人面虎爪,昆仑虚,青海省,其神状虎身而九尾，人面而虎爪,神兽形似虎，有九尾，人面虎爪,司天之九部及帝之加时,守护神,混合形态或超自然生物,西,海内经
肩吾,未知,大山,青海省;四川省,肩吾得之，以处大山,肩吾居于大山,未知,山神,混合形态或超自然生物,未知,未知
齐鸟,未知,昆仑开明西北,青海省,鹊岛，风也;《海西内经》云，昆仑开明西北,齐鸟是风，位于昆仑开明西北,未知,风神,鸟类,西,海内经
赤凤,状如党，黄华赤实,未知,四川省;云南省,其状如党，黄华赤实,形状像党，黄色花红色果实,食之使人体浮轻,象征轻盈,鸟类,未知,未知
九首开明兽,九首,未知,青海省,有一兽九首,有一种兽有九个头,未知,象征多首,兽类,未知,海内西经
六首树鸟,六首,未知,宁夏回族自治区;甘肃省,有一鸟六首,有一种鸟有六个头,未知,象征多首,鸟类,未知,海内西经
铺鱼,未知,未知,未知,铺鱼,铺鱼,未知,未知,鱼类与水生生物,未知,未知
轩辕之丘,黄帝居此丘,轩辕之丘,青海省,黄帝居此丘，襄西陵氏女，因号轩辕丘,黄帝居住于此，娶西陵氏女，因此得名轩辕丘,未知,黄帝的居所,混合形态或超自然生物,未知,未知
员神丰氏,未知,未知,湖北省;江西省,是神也，主司反景,这位神掌管日影的反照,掌管日影反照,日影的象征,混合形态或超自然生物,未知,未知
赤鹏,未知,未知,四川省;云南省,赤鹏,红色的鹏鸟,未知,未知,鸟类,未知,未知
蛮蛮,形状像野鸭，只有一只翅膀和一只眼睛,崇吾山,陕西省;甘肃省,有一种鸟，形状像野鸭，却只有一只翅膀，一只眼睛，要两只鸟合并起来，才能飞翔，名字叫蛮蛮，只要它一出现天下就会发生大水。,形状像野鸭，单翅单眼，需两只合并才能飞。,预示大水,预示大水,鸟类,西,西山经
钦牲,形状像雕，黑色兽纹，白色脑袋，红色,钟山以东瑶上崖,陕西省;河南省,钦向便变做大哆，形状像雕，却有着黑色的兽纹，白色的脑袋，红色的,钦牲变成大哆，形似雕，黑纹白首红身。,与鼓同谋杀死天神葆江,天神之敌,混合形态或超自然生物,东,山经
文鳐鱼,形状像鲤鱼，有鸟的翅膀，苍色斑纹，白色脑袋，红色嘴,泰需山,山东省;河南省,形状像鲤鱼，鱼的身子，乌的翅膀，苍色的斑纹，白色的脑袋，红色的嘴,文鳐鱼形状像鲤鱼，有鸟的翅膀,制止癫狂病;预示五谷丰登,丰收与治愈,鱼类与水生生物,西,山经
穷鬼,居住在山的一边臂膊下,槐江山,青海省,有穷鬼在那里居住各住在山一边的臂膊下,穷鬼住在山的一边臂膊下,无,未知,混合形态或超自然生物,未知,山经
土瞻,形状像羊，四只角,昆仑山,昆仑山脉,有一种兽，形状像羊却有四只角，名字叫土瞻，能够吃人,土瞻是四角羊形兽，能吃人,吃人,凶兽,兽类,西,山经
划马,凤皇一类的鸟,昆仑山,昆仑山脉,还有一种乌，名字叫划马，是凤皇一类的鸟，它主管着天帝生活日用的各种器用服饰,划马是凤皇类鸟，主管天帝的器用服饰,主管天帝的器用服饰,神圣,鸟类,西,山经
沙棠,形状像党梨，黄色花，红色果实,昆仑山,昆仑山脉,有一种树，形状像党梨，黄的伦，红的果实，味道像李子却没有核，名字叫沙棠，可以防水，吃了它能够使人不沉沁,沙棠树形似党梨，果实红色，可防水,防水;使人不沉,神奇,植物,西,山经
但草,形状像葵，味道像禾,昆仑山,昆仑山脉,有一种草，名字叫但草，形状像葵，味道像禾，吃了它可以消除忧释,但草形似葵，味似禾，可消除忧虑,消除忧虑,治愈,植物,西,山经
猜,形状像狗，有豹子斑纹，角像牛,玉山,青海省,形状像狗却长着豹子的斑纹，它的角像牛，它的名字叫猜，它的声音像狗叫，它一出现国家就会五谷丰登,形状像狗，有豹纹，角像牛，叫声像狗，出现预示丰收,预示五谷丰登,丰收的象征,兽类,西,山经
神长乘,形状像人，有狗一样的尾巴,赢母山,山东省,神长乘主管着这座山，他是天的九德之气所生，他的形状像人而有着狗一一一种像豹子的野兽一一的尾巴,形状像人，有狗尾，主管赢母山,主管赢母山,山的守护神,混合形态或超自然生物,西,山经
多,形状像赤豹，五条尾巴，一只角,美玉山,新疆维吾尔自治区;青海省;云南省,形状像赤豹，五条尾巴，一只角，它的叫声像殴打石头,形状像赤豹，五尾一角，叫声如击石,叫声如击石,战争预警;力量象征,兽类,未知,山经
微箱,形状像牛，白的身子，四只角，毫毛像披着的故衣,三危山,甘肃省,形状像牛，白的身子，四只角，身上的毫毛好像披着的故衣，会吃人,形如牛，白身四角，毫毛如故衣，会吃人,吃人,凶兽,兽类,西,山经
攀,一个脑袋，三条身子，形状像黑斑纹、红颈切的苇鸟,三危山,甘肃省,一个脑袋，三条身子，形状像黑斑纹、红颈切的苇鸟,一头三身，形如黑斑红颈苇鸟,未知,未知,鸟类,西,山经
神江疑,未知,符惕山,青海省,神江疑住在这里，这座山呀，时常下怪雨，风云从这里兴起,神江疑居此，山常下怪雨，风云兴起,控制风雨,风雨之神,混合形态或超自然生物,西,山经
神着童,未知,戏山,山西省,神着童住在这里，他的声音常常像敲钟击志,神着童居此，声如敲钟击志,声音如敲钟,未知,混合形态或超自然生物,西,山经
天山神,形状像黄色的口袋，红得像一团火，六只脚,天山,新疆维吾尔自治区,形状像黄色的口袋，红得像一团火，六只脚,形如黄囊，红如火，六足,未知,未知,混合形态或超自然生物,西,山经
神芒收,未知,渤山,山东省;辽宁省,神芒收居住在这里,神芒收居住在渤山,未知,未知,混合形态或超自然生物,西,山经
说,形状像野猫，一只眼睛，三条尾巴,翼望山,甘肃省;青海省,形状像野猫，一只眼睛，三条尾巴，名字叫说,形如野猫，一目三尾，名说,防御凶邪;消除黄关病,驱邪避凶,兽类,西,山经
和鲍,形状像乌鸦，三个脑袋，六条尾巴,翼望山,青海省;四川省,形状像乌鸦，三个脑袋，六条尾巴，名字叫和鲍,形如乌鸦，三头六尾，名和鲍,防御凶悍;使人不发梦癫,驱邪避凶,鸟类,西,山经
山神,羊的身子，人的脸,西方第三列山系,青海省;四川省,诸山山神的形状都是羊的身子，人的脸,山神形如羊身人面,未知,山神,混合形态或超自然生物,西,山经
当雇,形状像稚鸟,上申之山,陕西省,其鸟多当雇，其状如稚，以其才飞当，食之不上临目,鸟多当雇，形状像稚鸟，能飞，吃了不会眼花,飞行,未知,鸟类,北,山经
神江,人面兽身，一足一手,刚山,青海省,其状人面兽身，一足一手，其音如钦,形状人面兽身，一足一手，声音像钦,未知,未知,混合形态或超自然生物,西,山经
冉遗之鱼,鱼身蛇首六足，目如马耳,英竟之山,湖北省,鱼身蛇首六足，其目如马耳，食之使人不睐，可以御凶,吃了这种鱼可以使人不睡觉，还能抵御凶邪,食之不睐;御凶,抵御凶邪,鱼类与水生生物,西,山经
骇,状如马而白身黑尾，一角，虎牙爪,上中曲之山,未知,其状如马而白身黑尾，一角，虎牙爪，音如鼓音，其名日骇，是食虎豹，可以御兵,这种兽能吃虎豹，可以用来抵御兵器,食虎豹;御兵,勇猛善战,兽类,西,山经
穷奇,状如牛，曙毛,孝山,河南省;陕西省,其状如牛，曙毛，名日穷奇，音如狐狗，是食人,这种兽会吃人,食人,凶恶,兽类,西,山经
赢鱼,鱼身而鸟愤,孝山,河南省;湖北省,鱼身而鸟愤，音如移审，见则其邑大水,出现这种鱼的地方会发大水,引发大水,灾难预兆,鱼类与水生生物,西,山经
鳃鱼,状如饼鱼,昌鸟鼠同穴之山,陕西省,其状如饼鱼，动则其邑有大兵,这种鱼出现的地方会有战争,预示战争,战争预兆,鱼类与水生生物,西,山经
塑钙之鱼,状如覆朱，鸟首而鱼翼鱼尾,昌鸟鼠同穴之山,甘肃省,其状如覆朱，鸟首而鱼翼鱼尾，音如馨石之声，是生珠玉,这种鱼能生出珠玉,生珠玉,财富象征,鱼类与水生生物,西,山经
训湖,马身而鸟愤，人面蛇尾,央性之山,河南省;湖北省;湖南省,其状马身而鸟愤，人面蛇尾，是好举人，名日训湖,这种兽喜欢举人,举人,力量象征,混合形态或超自然生物,西南,山经
犬身,犬身,阴山,陕西省;内蒙古自治区,肉 %) 身 犬 必 ， 其 名 自 号 也 ) ， 见 则 其 邑 大 旱 。,犬身出现时，其所在地区会大旱。,引发大旱,干旱的象征,兽类,西,西山经
白翟,白色羽毛的鸟类,申首之山,陕西省;甘肃省,其鸟多白稚、白翟,这里的鸟多是白稚和白翟,无,纯洁,鸟类,未知,山经
鸟鼠同穴,鸟名旬，鼠名能，鼠如人家鼠而短尾，鸟似菩而黄色,陇西首阳县西南,甘肃省渭源县,山有鸟鼠同穴，鸟名旬，鼠名能,山上有鸟和鼠同穴，鸟叫旬，鼠叫能,共处一穴,和谐共生,混合形态或超自然生物,西,山经
蟹鳞之鱼,鱼身有蟹状鳞片,盎赔之山,山东省;江苏省;浙江省,蟹鳞之鱼：郭瑛云;'如开两音。',鱼身有蟹状鳞片,未知,未知,鱼类与水生生物,西,西山经
肉,猴属动物,属山,青海省;山西省,肉，儿猴属也，音赠遗之遗，一音读，见《中山经》。,猴属动物,未知,未知,兽类,中,中山经
阴山,山上多产构树，没有石汰，所产草多是鬼葵和青藉,阴山,内蒙古自治区,西方第四列山系的头一座山，叫做阴山，山上多产构树，没有石汰，所产草多是鬼葵和青藉。,山上多产构树，没有石汰，所产草多是鬼葵和青藉,未知,未知,未知,西,西山经
劳山,多产紫草,劳山,山东省,往北五十里，叫做劳山，多产紫草。,多产紫草,未知,未知,未知,西,西山经
当鹿,形状象野鸡，用颈下毛当翅膀飞,上申山,陕西省;甘肃省,所产鸟多是当鹿，形状象野鸡，用它颈颖下的毛当翅膀飞,上申山产一种鸟，形似野鸡，用颈下毛飞,飞行;食之不瞬眼睛,神秘飞行生物,鸟类,北,山经
白狼,白色狼形,重山,陕西省;甘肃省,所产兽多是白狼和白虎,重山产白狼和白虎,无特殊能力描述,稀有兽类,兽类,北,山经
白虎,白色虎形,重山,青海省;四川省;云南省,所产兽多是白狼和白虎,重山产白狼和白虎,无特殊能力描述,稀有兽类,兽类,北,山经
白稚,白色鸟形,重山,陕西省;甘肃省,所产鸟多是白稚和白滩,重山产白稚和白滩,无特殊能力描述,稀有鸟类,鸟类,北,山经
白滩,白色鸟形,重山,山西省;青海省,所产鸟多是白稚和白滩,重山产白稚和白滩,无特殊能力描述,稀有鸟类,鸟类,北,山经
冉遗鱼,鱼的身子，蛇的脑袋，六只足，眼睛像马的耳朵,英散山,湖北省,水中多产冉遗鱼，鱼的身子，蛇的脑袋，六只足，眼睛像马的耳朵,水中多产冉遗鱼，鱼身蛇头，六足，眼如马耳,食之不梦魇;可防御凶邪,驱邪避凶,鱼类与水生生物,西,山经
塑鲈鱼,形状像覆转的处，长着乌的头，鱼的钳和鱼的尾巴,鸟鼠同穴山,甘肃省,形状像覆转的处，长着乌的头，鱼的钳和鱼的尾巴，声像音般石击况，当它发声的时候，就会有珍珠和玉石从它身体中流泻出来,形状奇特，发声时流出珍珠玉石,流出珍珠玉石,财富,鱼类与水生生物,西,西山经
熟湖,马的身子，鸟的翅膀，人的脸，蛇的尾巴,几赔山,山西省;山东省,形状是马的身子，鸟的翅膀，人的脸，蛇的尾巴，喜欢把人抱举起来，名字叫熟湖,马身鸟翅人面蛇尾，喜欢抱人,抱举人,神秘,混合形态或超自然生物,西南,西山经
乌,形状像鹭鸟，却长着人的脸，猕猴的身子,几赔山,青海省,形状像鹭鸟，却长着人的脸，猕猴的身子,鹭鸟身，人脸猕猴身,未知,神秘,鸟类,西南,西山经
滑鱼,形状像鳝鱼，赤背,滑水,广东省;广西壮族自治区,其状如鲜，赤背，其音如梧,形状像鳝鱼，赤背，声音像梧桐,食之已疣,治疗疣病,鱼类与水生生物,北,山经
水马,形状像马，文臂牛尾,滑水,河南省;贵州省,其状如马，文臂牛尾,形状像马，文臂牛尾,无,无,混合形态或超自然生物,北,山经
腊朴,形状像马，一角有错,带山,河南省;陕西省,其状如马，一角有错,形状像马，一角有错,可以辟火,辟火,兽类,北,山经
欧鲍,形状像乌鸦，五采而赤文,带山,河南省;山东省,其状如乌，五采而赤文,形状像乌鸦，五采而赤文,食之不站,治疗疾病,鸟类,北,山经
修鱼,形状像鸡，赤毛，三尾、六足、四首,彭水,重庆市,其状如鸡而赤毛，三尾、六足、四首,形状像鸡，赤毛，三尾、六足、四首,食之可以已忧,治疗忧愁,鱼类与水生生物,北,山经
何罗之鱼,一首而十身,谁水,安徽省;江苏省,一首而十身，其音如呐犬,一首而十身，声音像犬吠,食之已痛,治疗疼痛,鱼类与水生生物,北,山经
孟槐,形状像肠，赤毫,谁明之山,未知,其状如肠而赤毫，其音如榴榴,形状像肠，赤毫，声音像榴榴,可以御凶,御凶,兽类,北,山经
鳃甸之鱼,形状像鱼，有十片鳞片，鳞片在羽端,涿光之山,河北省;山西省;内蒙古自治区,其状如更而十愤，鳞皆在羽端，其音如更,形状像鱼，有十片鳞片，鳞片在羽端,可以御火;食之不阅,御火,鱼类与水生生物,北,山经
豪驼,未知,茂山,江苏省;广东省,其兽多豪驼,茂山上有许多豪驼,未知,未知,兽类,北,山经
寅,形状像鼠，有鸟翼，声音像羊,茂山,四川省,状如鼠而鸟翼，其音如羊,形状像鼠，有鸟翼，声音像羊,可以御兵,御兵,鸟类,北,山经
耳鼠,形状像鼠，黄头麻身，声音像镍犬，用尾巴飞行,丹量之山,河南省;湖北省;山东省,其状如鼠，而黄首麻身，其音如镍犬，以其尾飞,形状像鼠，黄头麻身，声音像镍犬，用尾巴飞行,食之不脲;可以御百毒,御百毒,兽类,北,山经
备极,形状像豹，文题白身,石者之山,重庆市;湖北省,其状如豹，而文题白身,形状像豹，文题白身,善伏,善伏,兽类,北,山经
幽移,形状像遇，文身，善笑，见人则卧,边春之山,山东省;江苏省;浙江省,其状如遇而文身，善笑，见人则卧,形状像遇，文身，善笑，见人则卧,未知,善笑,兽类,北,山经
足医,形状像昌，有坚，牛尾，文臂，马路,草联之山,河南省;湖北省,其状如昌而有坚，牛尾、文臂、马路,形状像昌，有坚，牛尾，文臂，马路,见人则呼,见人则呼,兽类,北,山经
芍,毛如肉稚，群居而飞,单张之山,河南省;山东省,群居而朋飞，其毛如肉稚，名日芍,群居飞翔，羽毛像肉稚，名叫芍,食之已风,象征风,鸟类,北,山经
上昌诸糙,状如欧而长尾，人首而牛耳一目,单张之山,山西省;青海省,有兽直，其状如欧而长尾，人首而牛耳一目，名上昌诸糙,有兽直，形状像欧而长尾，人首牛耳一目，名叫上昌诸糙,善呈，行则衔其尾，居则里其尾,象征神秘,混合形态或超自然生物,北,山经
白楼,状如稚，文首、白翼、黄足,单张之山,山西省;陕西省;甘肃省,有乌址，其状如稚，而文首、白翼、黄足，名昌白楼,有乌址，形状像稚，文首、白翼、黄足，名叫白楼,食之已哄一痛，可以已痢,象征治愈,鸟类,北,山经
那父,状如牛而白尾，其音如训,灌题之山,山西省;山东省,有兽需，其状如牛而白尾，其音如训，名上日那父,有兽需，形状像牛而白尾，声音像训，名叫那父,未知,象征力量,兽类,北,山经
症斯,状如肉稚而人面，见人则牙,灌题之山,甘肃省;青海省,有鸟址，其状如肉稚而人面，见人则牙，名上症斯,有鸟址，形状像肉稚而人面，见人则牙，名叫症斯,其鸣自呼,象征警戒,鸟类,北,山经
旋牛,状如牛，四节生毛,潘候之山,青海省;四川省,有兽址，其状如牛，而四节生毛，和名目旋牛,有兽址，形状像牛，四节生毛，名叫旋牛,未知,象征力量,兽类,北,山经
长蛇,毛如和葛豪字，其音如鼓桥,大威之山,山西省;河北省,有蛇名目长蛇，其毛如和葛豪字，其音如鼓桥,有蛇名叫长蛇，毛如和葛豪字，声音如鼓桥,未知,象征神秘,爬行与蛇类,北,山经
上寞腐,状如牛，赤身、人面、马足,敦水,青海省,其状如牛，而赤身、人面、马足，名上寞腐，其音如婴儿，是食人。,形状像牛，红色身体，人脸，马脚，叫声像婴儿，吃人。,食人,不详,兽类,北,山经
鲤鱼骂,状如鲤而鸡足,狱法之山,山西省;河北省;内蒙古自治区,其状如鲤而鸡足，食之已疣。,形状像鲤鱼但有鸡脚，吃了可以治疣。,治疣,不详,鱼类与水生生物,北,山经
山儿,状如厂而人面，善投，见人则笑,狱法之山,山西省;河北省,其状如厂而人面，善投，见人则笑，其行如风，见则天下大风。,形状像厂，有人脸，擅长投掷，见人就笑，行动如风，出现时天下会刮大风。,善投;见则天下大风,不详,混合形态或超自然生物,北,山经
诸怀,状如牛，四角、人目、蔓耳,北岳之山,山西省,其状如牛，而四角、人目、蔓耳，其音如鸣雁，是食人。,形状像牛，有四角、人眼、蔓耳，叫声像雁鸣，吃人。,食人,不详,兽类,北,山经
猫,状如葛而文首,隐山,内蒙古自治区;青海省,其状如葛而文首，名目猫。,形状像葛，头上有花纹，名叫猫。,不详,不详,兽类,北,山经
鲜鱼,似蛇,诸破山,山东省;江苏省,鲜鱼似蛇;音善,鲜鱼像蛇，音似善,无,无,鱼类与水生生物,西,西次三经
机木,似窒,驳中,河南省;湖北省,机木似窒，可烧以姜稻田，出驳中;音饥,机木像窒，可烧用于姜稻田，出自驳中，音似饥,可烧用于稻田,无,混合形态或超自然生物,中,未知
花石,未知,未知,陕西省;广西壮族自治区,疑蔚当为此，此，古字假借为紫也,疑蔚当为此，古字假借为紫,无,无,混合形态或超自然生物,未知,未知
宫驼,有肉鞍，善行流沙中,未知,山东省,宫驼;有肉鞍，善行流沙中，日行三百里，其负千斤，知水泉所在也,宫驼有肉鞍，擅长在流沙中行走，日行三百里，能负重千斤，知道水泉的位置,善行流沙;负重千斤;知水泉所在,沙漠之舟,兽类,未知,未知
上耳鼠,葛首廉身，音如儿犬，以其尾飞,未知,青海省;山东省,其音如儿犬，以其尾飞，名上耳鼠,声音像小狗，用尾巴飞行，名为上耳鼠,飞行,奇异生物,混合形态或超自然生物,未知,未知
坑鼠夷由,肉翅连尾足，形似鼠,边春之山,山东省;江苏省;浙江省,其形肉翅连尾足，故目尾飞,外形有肉翅连接尾巴和脚，看起来像会飞,飞行,神秘生物,混合形态或超自然生物,西,西山经
交,毛如肉稚，尾如肉上鸡,边春之山,云南省;四川省,其毛如肉稚，名上日交,毛像肉稚，名字叫交,群飞,群居生物,鸟类,西,西山经
百长蛇,毛如葛豪，色似艾绥文，文间有毛如猪右,未知,四川省;云南省,其毛如葛豪，今晶蛇色似艾绥文，文间有毛如猪右,百长蛇的毛像葛豪，颜色像艾绥文，文间有毛像猪右,无特殊能力描述,象征危险,爬行与蛇类,未知,未知
钙鱼,未知,未知,四川省;云南省,今名猎铭为钙鱼,现在称为猎铭的钙鱼,无特殊能力描述,象征未知,鱼类与水生生物,未知,未知
朴牛,未知,未知,未知,或作朴牛：朴牛见《离驭》《天问》,也称为朴牛，见于《离驭》和《天问》,无特殊能力描述,象征力量,兽类,未知,未知
窗皇,似狗，虎爪,弱水中,青海省;甘肃省,窗皇似狗，虎爪,窗皇像狗，有虎爪,未知,未知,混合形态或超自然生物,中,海内经
饰鲈之鱼,鱼身而犬首,雁门之水,山西省,鱼身而犬首,鱼身狗头,未知,未知,鱼类与水生生物,北,山经
腾疏,形状像马，一只角，角上有甲错,带山,山东省;山西省,有一种兽，形状像马，一只角，角上有甲错，它的名字叫腾疏，可以拿它来防御火灾。,腾疏形状像马，一只角，角上有甲错，可防御火灾。,防御火灾,防火,兽类,北,山经
鹊鱼,形状像乌鸦，五彩羽毛，红色斑纹,带山,山西省;河北省,"有一种鸟，形状像乌鸦,五彩羽毛，红色斑纹，它的名字叫鹊鱼，这种鸟集峻雄于一身，吃了它可以不患痛交病。",鹊鱼形状像乌鸦，五彩羽毛，红色斑纹，食之不患痛交病。,不患痛交病,治愈疾病,鸟类,北,山经
何罗鱼,一个头十条身子，声音像狗叫,谁明山,青海省;山西省;山东省,水中多产何罗鱼，一个头十条身子，它的声音像狗叫，吃了它可以消除首肿,何罗鱼有十条身子，声音像狗叫，吃了可消肿,消除首肿,消除病痛,鱼类与水生生物,北,山经
备槐,形状像豪猪却长着红色的豪毛，声音像罚圈抽水,谁明山,青海省;四川省;云南省,有一种兽，形状像豪猪却长着红色的豪毛，声音像罚圈抽水，名字叫备槐，可以拿它来防御节那,备槐形似豪猪，红毛，声如抽水，可防御节那,防御节那,防御,兽类,北,山经
鳃鳄鱼,形状像喜更而生有十只翅膀，所有的鳞甲都长在羽毛的尖端，鸣叫的声音像喜鹊,涿光山,山西省,水中多产鳃鳄鱼，形状像喜更而生有十只翅膀，所有的鳞甲都长在羽毛的尖端，它鸣叫的声音也像喜鹊，可以畜养它来防御火灾，吃了它还可以不害黄冶病,鳃鳄鱼有十只翅膀，鳞甲在羽毛尖端，声如喜鹊，可防火灾，吃了不害黄冶病,防御火灾;不害黄冶病,防御与治疗,鱼类与水生生物,北,山经
寅鸟,形状像老鼠却长着鸟的翅膀，声音像羊,级山,四川省;云南省,所产鸟多是蝙蝠之类的寅鸟，形状像老鼠却长着鸟的翅膀，声音像羊，可以拿它来防御兵祸,寅鸟形似老鼠，有鸟翼，声如羊，可防御兵祸,防御兵祸,防御,鸟类,北,山经
幽闫,形状像母猴，身子有花纹，喜欢笑，见人就装死,边春山,甘肃省;青海省,形状像母猴，身子却有花纹，喜欢笑，见人就装死,猴形生物，花纹身，喜笑装死,鸣声自呼其名,装死,兽类,北,北山经
效,羽毛像肉野鸡，成群栖息，结队飞翔,草联山,未知,羽毛像肉野鸡，名字叫效，它鸣叫的声音也是自呼其名,鸡形生物，羽毛似野鸡，鸣声自呼其名,吃了可以消除风痹病,消除风痹,鸟类,北,北山经
诸轨,形状像鹏子，长尾巴，人脑袋，牛耳朵，一只眼睛,单张山,甘肃省;青海省,形状像鹏子却长着长尾巴，人脑袋，牛耳朵，一只眼睛,鹏形生物，长尾人首，牛耳独眼,喜欢吼叫;行走时衔着尾巴;睡觉时卷着尾巴,吼叫,混合形态或超自然生物,北,北山经
白共,形状像野鸡，花脑袋，白翅膀，黄足,单张山,未知,形状像野鸡，却是花脑袋，白翅膀，黄足,鸡形生物，花首白翅黄足,吃了可以消除喉痛;治疗疾病,治疗疾病,鸟类,北,北山经
痣斯,形状像野鸡，长着人脸，见人就跳牙,灌题山,山西省;山东省,形状像野鸡却长着人的脸，见人就跳牙,形状像野鸡，人脸，见人就跳牙,鸣声自呼其名,未知,鸟类,北,山经
句蛇,蛇身人面,北次二经之首,山西省;河北省,其神句蛇身人面,神像蛇身人面,无,山神,混合形态或超自然生物,北,山经
间,似驴而岐蹄，角如订羊,北次二经,山西省;河北省;内蒙古自治区,间即痊也，似驴而岐蹄，角如订羊，一名山驴,间兽似驴，蹄分叉，角如羊,无,山兽,兽类,北,山经
白酋,状如修而赤麟,西山经星芝之山,陕西省;甘肃省;青海省,其状如修而赤麟,形状像修鱼，鳞片红色,无,山兽,鱼类与水生生物,西,山经
狗跑,状如羊身人面，目在腋下,北哩山泽,山西省,其状如羊身人面，其目在腋下,形状像羊身人面，眼睛在腋下,食人,贪婪,混合形态或超自然生物,北,山经
三桑,未知,海外北经与大荒北经,河北省;山西省,三桑,三桑,未知,未知,混合形态或超自然生物,北,海外经
山驴,形似驴,县夏山,湖北省;河南省,所产兽多是山驴和廉,县夏山上有山驴和廉,无特殊能力,象征山地生物,兽类,北,山经
廉,形似鹿,县夏山,湖北省;河南省,所产兽多是山驴和廉,县夏山上有山驴和廉,无特殊能力,象征山地生物,兽类,北,山经
白履,形似鸟,县夏山,湖北省,所产鸟多是白履和白碍,县夏山上有白履和白碍,无特殊能力,象征山地生物,鸟类,北,山经
白碍,形似鸟,县夏山,湖北省;河南省,所产鸟多是白履和白碍,县夏山上有白履和白碍,无特殊能力,象征山地生物,鸟类,北,山经
鱼,形似作鱼，红色鳞甲,沧水,河北省;山东省,沧水多产些鱼，形状像作鱼，却长有红色的鳞甲,沧水中有红色鳞甲的鱼,吃了可以消除狐骚臭,象征净化,鱼类与水生生物,北,山经
狗跨,羊身人面，眼睛在腋下，虎牙人爪,多寿山,青海省;山东省,形状是羊的身子，人的脸，眼睛长在腋窝下，还长着老虎的牙齿，人的爪甲，它的声音像婴儿啼哭，名字叫狗跨，能吃人,羊身人面，有虎牙人爪，声音如婴儿啼哭,能吃人,凶猛食人兽,混合形态或超自然生物,北,山经
独猎,虎形白身，狗头马尾，猪鬃毛,北电山,河北省;山西省,形状像老虎，却是白色的身子，狗的头，马的尾巴，猪的紧毛，名字叫独猎,虎形白身，狗头马尾，猪鬃毛,无,奇特混合兽,混合形态或超自然生物,北,山经
租髓,乌鸦形，人面,北电山,河北省,形状像乌鸦，人的脸，名字叫租髓，晚上改翔，白天隐伏，吃了它可以解暑热,乌鸦形人面鸟，夜飞昼伏,解暑热,解暑神鸟,鸟类,北,山经
居靶,形似鼹鼠，通身红毛,梁渠山,青海省;四川省;云南省,形状像鼹鼠却通身长着红毛，鸣叫的声音像小猪,红毛鼹鼠形，叫声如小猪,无,奇特鼠类,兽类,北,山经
跑,形状像猿猴，四只翅膀，一只眼睛，狗尾巴,北山经,河北省;山西省;内蒙古自治区,形状像猿猴模样，四只翅膀，一只眼睛，狗的尾巴，名字叫跑,形状像猿猴，四翅一目，狗尾，名跑,治疗肚子痛;止腹海,治疗疾病,混合形态或超自然生物,北,山经
卓驿,形状像订羊，四角，马尾，有距,太行山,山西省;河北省;河南省,其状如订羊而四角，马尾而有距，其名卓驿,形状像订羊，四角，马尾，名卓驿,善还,未知,兽类,北,山经
上欧,白身，赤尾，六足,太行山,山西省;河北省;河南省,白身、赤尾、六足，其名上欧,白身，赤尾，六足，名上欧,善惊,未知,鸟类,北,山经
天马,状如白犬而黑头，见人则飞,马成之山,河北省,有兽需，其状如白犬而黑头，见人则飞，其名日天马，其鸣自训,天马形似白犬，黑头，见人则飞，鸣声自呼其名,见人则飞,神秘飞行,兽类,东北,山经
昌刷观,状如乌，首白而身青、足黄,马成之山,甘肃省;青海省,有乌硕，其状如乌，首白而身青、足黄，是名昌刷观，其鸣自训，食之不饥，可以忆寅,昌刷观形似乌鸦，白首青身黄足，鸣声自呼其名，吃了不饿，可助记忆,食之不饥;可以忆寅,助记忆,鸟类,东北,山经
飞鼠,状如免而鼠首，以其背飞,上昌天池之山,青海省;甘肃省,有曾址，其状如免而鼠首，以其背飞，其名目飞鼠,飞鼠形似兔，鼠头，用背飞行,以其背飞,飞行能力,兽类,东北,山经
领胡,状如牛而赤尾,阳山,河南省;陕西省,有兽下，其状如牛而赤尾，其开句，其状如句趴，其名目领胡，其鸣自该，食之已狂,领胡形似牛，赤尾，鸣声自呼其名，吃了可治狂病,食之已狂,治愈狂病,兽类,东,山经
象蛇,状如雌稚，五采以文,阳山,湖南省,有鸟霹，其状如雌稚，而五采以文，是自为慈牡，名上象蛇，其鸣自该,象蛇形似雌稚，五彩花纹，鸣声自呼其名,鸣声自该,五彩祥瑞,鸟类,东,山经
饮父之鱼,状如铺鱼，鱼首而黄身,留水,四川省;云南省,其中有饮父之鱼，其状如铺鱼，鱼首而黄身，食之已哎,饮父之鱼形似铺鱼，鱼头黄身，吃了可治呕吐,食之已哎,治愈呕吐,鱼类与水生生物,东,山经
酸与,状如蛇，四翼、六目、三足,绰景山,河南省;山东省,有鸟需，其状如蛇，而四翼、六目、三足，名上酸与,有鸟像蛇，四翼六目三足，名叫酸与,鸣声自该;见则其昌有和氏,吉祥之兆,混合形态或超自然生物,南,山经
克现,状如乌而白文,小修之山,江西省;湖南省,有鸟下，其状如乌而白文，名目克现,有鸟像乌鸦但有白色花纹，名叫克现,食之不泛,不详,鸟类,东,山经
黄岛,状如泉而白首,轩辕之山,河南省;陕西省,有鸟址，其状如泉而白首，其名目黄岛,有鸟像泉但有白首，名叫黄岛,鸣声自该;食之不妒,不详,鸟类,北,山经
精卫,形状像乌鸦，头上有花纹，白嘴，红脚,发鸠之山,山西省长子县,有鸟焉，其状如乌，文首、白哮、赤足，名目精卫,有一种鸟，形状像乌鸦，头上有花纹，白嘴，红脚，名叫精卫,衔木石填海,坚韧不拔,鸟类,北,山经
飞虫,不详,神国之山,青海省,有飞虫,有飞虫,不详,不详,混合形态或超自然生物,北,山经
鳅,不详,绣山,河南省;湖北省,其中有鳅,水中有鳅,不详,不详,鱼类与水生生物,北,山经
虽,不详,绣山,山东省,其中有虽,水中有虽,不详,不详,鱼类与水生生物,北,山经
送疾,状如羊，一角一目，目在耳后,泰戏之山,山西省,有兽直，其状如羊，一角一目，目在耳后，其名上送疾,有一种兽，形状像羊，一只角一只眼，眼睛在耳朵后面，名叫送疾,鸣声自训,象征不详,兽类,北,山经
师鱼,不详,北山经,山西省;河北省;内蒙古自治区,北山经中有师鱼，食之杀人,北山经中有师鱼，吃了会致命,食之杀人,危险,鱼类与水生生物,北,山经
狐,状如牛而三足,昌乾山,山东省;河南省,有兽需，其状如牛而三足，其名目狐,有兽名为狐，形状像牛但有三只脚,不详,不详,兽类,北,山经
黑,状如康，川在尾上,目伦山,山西省;陕西省,有兽看，其状如康，其川在尾上，其名百黑,有兽名为黑，形状像康，尾巴上有川,不详,不详,兽类,北,山经
蒲夷之鱼,不详,昌碍石之山,吉林省,强水出址，而东流注于河，其中多蒲夷之鱼,强水发源于此，向东流入河，其中有很多蒲夷之鱼,不详,不详,鱼类与水生生物,北,山经
大蛇,赤首白身,泰泽,山东省,是有大蛇，赤首白身，其音如牛，见则其邑大旱,这里有大蛇，红头白身，声音像牛，出现则当地大旱,引发大旱,不详,爬行与蛇类,北,山经
神,马身而人面,北次三经,山西省;河北省;内蒙古自治区,其神状皆马身而人面者廿神,这些神形状都是马身人面,不详,不详,混合形态或超自然生物,北,山经
夸蛾氏二子,无具体描述,太行山、王屋山,河南省济源县至山西省境,天帝感恩公移山之诚，命夸蛾氏二子，负二山,天帝命夸蛾氏二子移山,移山,象征移山之力,混合形态或超自然生物,中,山经
盐贩之泽,无具体描述,盐贩之泽,河东猫氏县,即盐池也，今在河东猫氏县,盐池位于河东猫氏县,无特殊能力描述,象征盐池,混合形态或超自然生物,未知,山经
黄鸟,状如泉而白首,巫山,重庆市;湖北省,状如泉而白首,形状像泉水，头部白色,未知,象征吉祥,鸟类,南,大荒南经
盐神,化为虫，与诸虫群飞,未知,山西省;青海省,盐神且即化为虫，与诸虫群飞，掩蔽日光,盐神化为虫，与群虫飞，遮蔽日光,化虫;遮蔽日光,灾难象征,混合形态或超自然生物,未知,未知
昌,似虾蜡，小而青,未知,吉林省;河北省,昌似虾蜡，小而青,昌像虾蜡，小而青,未知,未知,鱼类与水生生物,未知,未知
乾山,无草木，其阳有金、玉，其阴有铁而无水,乾山,山西省;陕西省;河北省,乾山，无草木，其阳有金、玉，其阴有铁而无水,乾山，没有草木，阳面有金玉，阴面有铁但无水,无,资源丰富,混合形态或超自然生物,未知,山经
幽都之山,上有玄乌、玄蛇、玄豹、玄虎等物,北海内,山东省;辽宁省,幽都之山在北海内，上有玄乌、玄蛇、玄豹、玄虎等物,幽都山在北海内，有玄乌、玄蛇、玄豹、玄虎等,无,神秘,混合形态或超自然生物,北,海内经
浴水,浴即黑水,未知,未知,浴即黑水也,浴水就是黑水,无,神秘,混合形态或超自然生物,未知,海内经
驿,形状像羚羊，有四只角，马的尾巴，鸡的足爪,归山,河南省;湖北省;陕西省,有一种兽，形状像羚羊却有四只角，马的尾巴，鸡的足爪，它的名字叫驿,形状像羚羊，有四只角，马的尾巴，鸡的足爪,善于盘旋钴蹈;鸣叫的声音是自呼其名,未知,兽类,北,山经
玖,形状像喜鹊，白身子，红尾巴，六只足,归山,湖北省;贵州省,有一种鸟，形状像喜鹊，白身子，红尾巴，六只足，它的名字叫玖,形状像喜鹊，白身子，红尾巴，六只足,性极警敏;鸣叫的声音是自呼其名,警敏象征;自呼其名,鸟类,北,山经
刷忌,形状像乌获，头是白的，身子是青的，足是黄的,马成山,未知,有一种乌，形状像乌获，头是白的，身子是青的，足是黄的，名字叫刷忌,形状像乌获，头白身青足黄,鸣叫的声音是自呼其名,未知,鸟类,北,山经
狗父鱼,形状像铺鱼，鱼的头，猪的身子,阴山,陕西省;内蒙古自治区,水中产有狗父鱼，形状像铺鱼，鱼的头，猪的身子，吃了它可以治呕吐。,形状像铺鱼，鱼头猪身，可治呕吐。,治呕吐,未知,鱼类与水生生物,东北,山经
肥遗蛇,不详,党水,甘肃省,党水多产肥遗蛇,党水中有很多肥遗蛇,不详,不详,爬行与蛇类,东,山经
克副,形状像乌朋，有白色斑纹,小侯山,山东省,有一种乌，形状像乌朋却有着白色的斑纹，名字叫克副,有一种鸟，形状像乌朋，有白色斑纹，名叫克副,吃了可以使眼睛不花,不详,鸟类,东,山经
旷虹,小飞虫,神国山,青海省;山西省;山东省,还产有旷虹之类的小飞虫,还有旷虹之类的小飞虫,不详,不详,混合形态或超自然生物,北,山经
发鸠山鸟,形状像乌鸦，花脑袋，白嘴,发鸠山,山西省,有一种鸟，形状像乌鸦，花脑袋，和白嘴,有一种鸟，形状像乌鸦，花脑袋，白嘴,不详,不详,鸟类,北,山经
兰犹,形状像羊，一只角，一只眼睛，眼睛长在耳朵后面,泰戏山,山西省,"有 一种 兽 ， 形状 像 羊 ， 一 只 角 ,， 一 只 眼睛 ， 眼 睛 长 在 耳 休 后 面 ， 名 字 叫 兰 犹 ， 它 鸣叫 的 声 音 就 是 自 呼 其 名 。",一种像羊的兽，一只角，一只眼睛在耳朵后面，名叫兰犹，叫声如同自呼其名。,鸣叫声如同自呼其名,奇特的外貌,兽类,北,山经
骆驼,形态似牛，三足,贷山,青海省;山西省;山东省,所产兽多是骆驼,贷山产骆驼,无,无,兽类,北,山经
仆骼,形态似订，肛门在尾巴上,贷山,山东省,所产鸟多是仆骼,贷山产仆骼鸟,无,无,鸟类,北,山经
黑九,形状像订，肛门长在尾巴上面,伦山,云南省;四川省,有一种兽，形状像订，它的肛门长在尾巴上面，它的名字叫黑九,伦山有肛门在尾的兽,无,奇特,兽类,北,山经
蒲夷鱼,无详细描述,碍石山,四川省;云南省,水中多产蒲夷鱼,碍石山水中有蒲夷鱼,无,无,鱼类与水生生物,北,山经
从从,形状像狗，有六只脚,枸状之山,江苏省;浙江省,有兽需，其状如犬，六足，其名上日从从，其鸣自该,形状像狗，有六只脚，名叫从从，叫声像自己的名字,无,无,兽类,东,山经
些鼠,形状像鸡，有鼠毛,枸状之山,宁夏回族自治区;甘肃省;青海省,有鸟需，其状如鸡而鼠毛，其名目些鼠，见则其邑大旱,形状像鸡，有鼠毛，名叫些鼠，出现则当地大旱,引发旱灾,旱灾象征,鸟类,东,山经
入鱼允,形状像修当,枸状之山,未知,其状如修当，其吃如篇，食之无疫疾,形状像修当，叫声像篇，吃了不会生病,食用后可预防疾病,健康象征,鱼类与水生生物,东,山经
堪天之鱼,形状不详,猎山,山西省;河北省,其 中 多 堪 天 之鱼,猎山水中多堪天之鱼,不详,不详,鱼类与水生生物,南,山经
兽希,状如夸父，黄毛,猎山,陕西省;四川省,有 兽 希 ， 其 状 如 夸 父 而 黄 毛 ， 其 音 如 呼 ， 见 则 天 下 大 水,猎山有兽希，状如夸父，黄毛，叫声如呼，出现则天下大水,预示大水,不详,兽类,南,山经
修彤,状如黄蛇，鱼愤，出入有光,独山,贵州省,其 状 如 黄 蛇 ， 鱼 愤 ， 出 人 有 光 ， 见 则 其 邑 大 旱,独山有修彤，状如黄蛇，鱼愤，出入有光，出现则其邑大旱,预示大旱,不详,混合形态或超自然生物,南,山经
独独,状如豚而有珠,泰山,山东省,"有 兽 硕 ， 其 状 如 豚 而 有 珠 , 名 目 独 独 , 其 鸣 自 训",泰山有兽独独，状如豚而有珠，其鸣自训,不详,不详,兽类,南,山经
臣赢,不详,竹山,湖南省;江西省,其 中 多 臣 赢,竹山水中多臣赢,不详,不详,鱼类与水生生物,南,山经
活东,状如鸡而鼠尾,东海,江苏省;浙江省;福建省,其状如鸡而鼠毛,形状像鸡，尾巴像老鼠,无,无,混合形态或超自然生物,东,山经
钱鱼,无描述,东海,浙江省;福建省;上海市,一名黄颊,又名黄颊,无,无,鱼类与水生生物,东,山经
能石,无描述,无描述,山东省;青海省;山西省,可以为研针治首肿者,可用来制作针，治疗头部肿胀,治疗头部肿胀,无,混合形态或超自然生物,东,山经
夺父,无描述,崇吾之山,河南省;陕西省,夺父即举父也,夺父就是举父,无,无,兽类,西,山经
泰山,无描述,泰山,山东省泰安县北,即东岳贷宗也,就是东岳泰山,无,无,混合形态或超自然生物,东,山经
虹时鱼,形状像犁牛，鸣声像猪叫,食水,四川省;山东省,水中多产虹时鱼，形状像犁牛，鸣声像猪叫,水中多产虹时鱼，形状像犁牛，鸣声像猪叫,无,无,鱼类与水生生物,东,山经
艇鱼,形状像禾鱼，嘴像针,站水,河北省;河南省,水中多产艇鱼，形状像禾鱼，它的嘴像针,水中多产艇鱼，形状像禾鱼，它的嘴像针,吃了它可以不染瘟疫,防疫的象征,鱼类与水生生物,东,山经
黄颊鱼,未详细描述,姑儿山,山东省;江苏省;浙江省,水中多产黄颊鱼,水中多产黄颊鱼,无,无,鱼类与水生生物,南,山经
堪天鱼,未详细描述,铬山,山东省;河南省,水中多产堪天鱼,水中多产堪天鱼,无,无,鱼类与水生生物,南,山经
修旺,形状像黄蛇，长着鱼的鳍,独山,贵州省,形状像黄蛇，长着鱼的鳍，出和人水中，闪闪有光,形状像黄蛇，长着鱼的鳍，闪闪发光,出现时地方会发生大旱灾,预示大旱,混合形态或超自然生物,南,山经
独镍,形状像猪，身体内却含孕着珠子,泰山,山东省,形状像猪，身体内却含孕着珠子，名字叫独镍，它鸣叫的声音便是自呼其名,形状像猪，体内含珠子，鸣叫时自呼其名,鸣叫时自呼其名,无,兽类,南,山经
办办扩,形状如牛，有虎纹,东山经,山东省;江苏省;安徽省,有兽大，其状如牛而虎文，其音如钦，其名日办办扩，其鸣自叫，见则天下大水,形状如牛，有虎纹，叫声如钦，见则天下大水,见则天下大水,预示洪水,兽类,东,山经
独猴,形状如莫而鸟咏，鸭目蛇尾,余条之山,四川省;云南省,有兽起，其状如莫而鸟咏，鸭目蛇尾，见人则眠，名目独猴，其鸣自训，见则繁蝗为败,形状如莫而鸟咏，鸭目蛇尾，见人则眠，见则繁蝗为败,见则繁蝗为败,预示蝗灾,兽类,南,山经
朱独,形状如狐而鱼愤,耿山,青海省;山西省,有兽焉，其状如狐而鱼愤，其名目朱独，其鸣自训，见则其国有恺,形状如狐而鱼愤，见则其国有恺,见则其国有恺,预示国家有难,兽类,南,山经
稳媚,形状像和串，有人足,目卢其之山,云南省;四川省,其状如和串而人足，其鸣自训，见则其国多士功,形状像和串，有人足，鸣声自训，出现则国家多士功,鸣声自训;见则其国多士功,国家多士功,混合形态或超自然生物,南,山经
儿狼,形状像狐，有翼,姑因之山,江苏省;山西省,其状如狐而有翼，其音如鸿脸，其名目儿狼，见则天下大旱,形状像狐，有翼，声音像鸿脸，出现则天下大旱,见则天下大旱,天下大旱,兽类,南,山经
莉暨,形状像狐，九尾、九首、虎爪,百名丽之山,青海省,其状如狐，而九尾、九首、虎爪，名上日莉暨，其音如婴儿，是食人,形状像狐，九尾、九首、虎爪，声音像婴儿，食人,食人,食人,混合形态或超自然生物,南,山经
寝科,形状像马，羊目、四角、牛尾,重山,四川省;云南省;青海省,其状如马，而羊目、四角、牛尾，其音如狼狗，其名目寝科，见则其国多狭客,形状像马，羊目、四角、牛尾，声音像狼狗，出现则国家多狭客,见则其国多狭客,国家多狭客,兽类,南,山经
划钩,形状像鬼，鼠尾,重山,四川省;云南省,其状如鬼而鼠尾，善登本，其名日划钩，见则其国多疫,形状像鬼，鼠尾，善登木，出现则国家多疫,善登木;见则其国多疫,国家多疫,鸟类,南,山经
珠整鱼,状如肺，有四眼六足,东山经,山东省;江苏省;安徽省,其状如肺，有目,形状像肺，有四只眼睛,吐珠,海中珍宝,鱼类与水生生物,东,山经
狐猴,状如狐，九尾、九首、虎爪,卢其之山,云南省;广西壮族自治区,其状如狐，而九尾、九首、虎爪,形状像狐，有九尾、九首、虎爪,九尾;九首;虎爪,神秘与力量,混合形态或超自然生物,未知,山经
水锦,水玉类,未知,未知,亦水玉类,属于水玉类,未知,水之精华,混合形态或超自然生物,未知,未知
黎媚,状如名豆而人足,未知,海南省;四川省,其状如名豆而人足,形状像名豆，有人足,人足形状,人形与植物结合,混合形态或超自然生物,未知,未知
狼狼,状如狐,未知,未知,其状如狐,形状像狐,未知,狐之变种,兽类,未知,未知
艺暨,未知,未知,未知,龙凤二音,发音像'龙凤',未知,龙凤之音,混合形态或超自然生物,未知,未知
敌和被,未知,未知,未知,音依,发音像'依',未知,未知,未知,未知,未知
迎客,狐，狭猎也,未知,河南省;陕西省;山东省,狐，狭猎也,狐，善于猎捕,猎捕,猎手,兽类,未知,未知
载筋,廉应角为般,未知,山东省;青海省;山西省,廉应角为般,廉应的角像'般',未知,角之象征,未知,未知,未知
零苓,形状像牛，有老虎的斑纹,空桑山,山东省,形状像牛却有着老虎的斑纹，它的声音好像人唱吟，它的名字叫零苓，它鸣叫的声音便是自呼其名，它一出现天下就会发生大水灾。,形状像牛，有虎纹，叫声如人吟唱，出现会引发大水灾。,引发大水灾,水灾的预兆,兽类,北,山经
珠鉴鱼,形状像一片肺叶，四只眼睛，六只足,葛山头,山东省,形状像一片肺叶，四只眼睛，六只足，从足里吐出青锦色的珠子来。它的味道酸中带甜，吃了它可以防止瘟疫。,形状像肺叶，四眼六足，吐青珠，食之防瘟疫。,吐青珠;防止瘟疫,防瘟疫,鱼类与水生生物,南,山经
独欠,形状像兔子，长着鸟的嘴，猫头鹰的眼睛和晨的尾巴,余我山,青海省,形状像兔子却长着鸟的嘴，猫头鹰的眼睛和晨的尾巴，见人就装死，名字叫独欠，它鸣叫的声音是自呼其名，它一出现各种害虫和飞蝗就会出来伤败秒称。,形似兔，鸟嘴猫眼晨尾，见人装死，出现引害虫。,引害虫;装死,害虫的预兆,兽类,南,山经
朱狂,形状像狐狸，长着鱼的鳍,卢其山,陕西省;甘肃省;四川省,形状像狐狸却长着鱼的鳍，它的名字叫朱狂，它鸣叫的声音是自呼其名,朱狂是一种形似狐狸但有鱼鳍的兽，鸣叫时自呼其名,鸣叫自呼其名;出现时国内会发生灵惰,不详,混合形态或超自然生物,南,山经
鹊恕,形状像名却长着人的足,沙水,河南省,形状像名却长着人的足，它鸣叫的声音是自呼其名,鹊恕是一种形似名但有人的足的生物，鸣叫时自呼其名,鸣叫自呼其名;出现时国家会有水土工程的劳役,不详,混合形态或超自然生物,南,山经
狼多,形状像狐狸却长着翅膀,姑因山,江苏省;山西省,形状像狐狸却长着翅膀，鸣叫的声音像鸿雁，它的名字叫狼多,狼多是一种形似狐狸但有翅膀的兽，鸣叫如鸿雁,鸣叫如鸿雁;出现时天下会发生大旱灾,不详,混合形态或超自然生物,南,山经
莉凤,形状像狐狸，长着九条尾巴、九个脑袋、老虎的爪子,儿丽山,山东省,形状像狐狸，却长着九条尾巴、九个脑袋、老虎的爪子，名字叫莉凤,莉凤是一种形似狐狸但有九尾、九头、虎爪的兽,鸣叫像婴儿暗哭;能够吃人,不详,混合形态或超自然生物,南,山经
科复,像马，羊头，四角，牛尾,空桑山,山东省,像马，却长着羊的头，四只角，和牛的尾巴，鸣叫的声音像狗喀,形状像马，有羊头、四角、牛尾，叫声像狗,出现时国家多有不法之徒,不详,混合形态或超自然生物,东,山经
到多,形状像野鸭，老鼠尾巴,空桑山,山东省,形状像野鸭，却长着老鼠的尾巴，善于攀登树木,形状像野鸭，有老鼠尾巴，善于爬树,出现时国家多瘟疫,不详,鸟类,东,山经
女胡归,形状像康，鱼目,尸胡之山,山东省;山西省,其状如康而鱼目，名上日女胡归，其鸣自训,形状像康，有鱼眼，叫声特别,不详,不详,兽类,东,山经
廉应,不详,孟子之山,山东省,甚兽多廉应,山中多廉应这种兽,不详,不详,兽类,东,山经
印挫之鱼,六足岛尾,目跨隅之山,云南省;四川省,六足岛尾，名目印挫之鱼允，其名自叫。,六足岛尾的鱼，名叫印挫之鱼，它的名字是自己叫出来的。,自叫,未知,鱼类与水生生物,南,山经
罩精精,状如牛而马尾,目跨隅之山,四川省;云南省,有兽焉，其状如牛而马尾，名罩精精，其鸣自叫。,有一种兽，形状像牛但有马尾，名叫罩精精，它的叫声是自己叫出来的。,自叫,未知,兽类,南,山经
急胡,形状像床，长着鱼的眼睛,户胡山,山西省;陕西省,有一种兽，形状像床却长着鱼的眼睛，名字叫急胡，它鸣叫的声音是自呼其名。,形状像床，长着鱼的眼睛，自呼其名。,自呼其名,未知,兽类,东,山经
鲸鱼,未知,诸钩山,山东省;江苏省,这座山方圆有百里方景，多产鲸鱼。,诸钩山多产鲸鱼。,未知,未知,鱼类与水生生物,东,山经
鹿,未知,孟子山,山东省,所产兽多是廉和鹿。,孟子山多产廉和鹿。,未知,未知,兽类,东,山经
欠欠鱼,形状像鲤鱼，六只足，鸟的尾巴,跤中山,河南省,有一种鱼，形状像鲤鱼，却有着六只足，鸟的尾巴，名字叫欠欠鱼，它鸣叫的声音是自呼其名。,一种六足鱼，鸣叫自呼其名。,鸣叫自呼其名,未知,鱼类与水生生物,南,山经
精精,形状像牛，长着马的尾巴,跨隅山,青海省;四川省;云南省,有一种兽，形状像牛却长着马的尾巴，名字叫精精，它鸣叫的声音是自呼其名。,一种牛形兽，鸣叫自呼其名。,鸣叫自呼其名,未知,兽类,南,山经
映龟,未知,深泽,河北省,泽里多产映龟。,深泽中多产映龟。,未知,未知,鱼类与水生生物,南,山经
兽需,形状像狼，赤首鼠目,昌北号之山,河北省;山西省,有兽需，其状如狼，赤首鼠目，其音如豚。,一种狼形兽，赤首鼠目，叫声如猪。,未知,战争预警;凶兆,兽类,北,山经
独狙,不详,不详,未知,名目 独 狙 二 ， 是 食 人,名为独狙，吃人,食人,不详,兽类,不详,不详
昕省,状如鸡，白首，鼠足，虎爪,不详,未知,有 鸟 直 ， 其 状 如 鸡 而 白 首 ， 鼠 足 而 虎 爪 ， 其 名 日 昕 省 ， 亦 食 人,鸟名昕省，吃人,食人,不详,鸟类,不详,不详
鳝鱼,状如鲤，大首,上旋山,山东省,其 中 多 鳝 鱼 ， 其 状 如 鲤 而 大 首 ， 食 者 不 更,鳝鱼，吃后不饿,食者不饿,不详,鱼类与水生生物,南,山经
划,状如杨，赤理，汁如血,东始之山,山东省;江苏省,有 木下 ， 其 状 如 杨 而 赤 理 ， 其 汁 如 血 ， 不 实 ， 其 名 目 划 ， 可 以 服 马,木名划，可驯马,可以服马,不详,植物,南,山经
紫鱼,状如铺，一首十身,东始之山,山东省,"其 中 多 美 贝 ,多 紫 鱼 ,其 状 如 铺 ， 一 首 而 十 身 … ， 其 臭 如 蕨 范 ， 食 之 不 烧",紫鱼，吃后不饿,食之不饿,不详,鱼类与水生生物,南,山经
薄鱼,状如饼鱼，一目,昌女愁之山,青海省,其 中 多 薄 鱼 ， 其 状 如 饼 鱼 而 一 目 ， 其 音 如 欧 ， 见 则 天 下 大 旱,薄鱼，出现则大旱,见则天下大旱,不详,鱼类与水生生物,东南,山经
当康,状如豚，有牙,钦山,浙江省;福建省,有 兽 看 ， 其 状 如 豚 而 有 牙 ， 其 名 日 当 康 ， 其 鸣 自 叫 ， 见 则 天 下 大 秆 旬,当康，出现则大丰收,见则天下大丰收,丰收,兽类,东南,山经
合宇,状如葛，人面，黄身，赤尾,乔山,陕西省,"有 曾 直 ， 其 状 如 葛 而 人 面 ， 黄 身 而 赤 尾 , 其 名 日 合 宇 ， 其 音 如 婴儿 。 是 兽 也 , 食 人 , 亦 食虫 蛇 ， 见 则 天 下 大 水",合宇，出现则大水,食人;食虫蛇;见则天下大水,不详,兽类,东北,山经
昔,状如牛，白首，一目，蛇尾,太山,山东省,"有 兽 硕 ， 其 状 如 牛 而 白 首 ,一目 而 蛇 尾 ， 其 名 日 昔 ， 行 水 则 竭 ， 行 草 则 死 ， 见 则 天 下",昔，行水则竭，行草则死,行水则竭;行草则死,不详,兽类,东,山经
猫狂,形状像狼，红色头，老鼠眼睛，声音像小猪,北号山,河北省;山西省;内蒙古自治区,形状像狼，红色的头，老鼠的眼睛，声音像小猪，名字叫猫狂，会吃人,一种形似狼的兽，会吃人,吃人,凶恶,兽类,北,山经
誉,形状像鸡，白色头，老鼠足，老虎爪,北号山,河北省;山西省;内蒙古自治区,形状像鸡，上白色的头，老鼠的足，老虎的爪子，它的名字叫是誉，也会吃人,一种形似鸡的鸟，会吃人,吃人,凶恶,鸟类,北,山经
鳞鱼,形状像鲤鱼，却长着一个大头,旋山,青海省;山东省,形状像鲤鱼，却长着一个大头，吃了它可以不生效疣,一种形似鲤鱼的鱼，可治病,治疗疣病,治病,鱼类与水生生物,南,山经
总,形状像杨树，红色纹理，汁水像血,东始山,山东省,形状像杨树，却有着红色的纹理，流出的汁水像血，不结果实，它的名字叫总,一种形似杨树的树，汁水像血,汁水可采集,神秘,植物,南,山经
合皇,形状像猪，长着人的脸，黄色身子，红色尾巴,秘山,四川省;云南省,形状像猪却长着人的脸，黄色的身子，红色的尾巴，名字叫合皇，它的声音像婴儿晓导,合皇出现预示大水灾,吃人;吃虫蛇;预示大水灾,水灾的征兆,混合形态或超自然生物,东北,山经
蔓,不详,东山经,山东省;江苏省;安徽省,字叫蔓，它走过水水就会干凋，走过草草就会枯死，它一出现天下就会发生大瘟疫。,蔓走过的地方水干草枯，出现时天下大疫。,使水干涸;使草枯死;引发瘟疫,灾难与瘟疫,混合形态或超自然生物,东,山经
籍,莞本而杏叶，黄华而莱实,甘束之山,甘肃省,其下有草需，莞本而杏叶，黄华而莱实，名目籍，可以已蔓。,草名为籍，可治蔓。,治疗蔓的病症,药用植物,植物,中,山经
稻后,状如默鼠而文题,甘束之山,甘肃省,有兽盐，其状如默鼠而文题，其名昌稻后，食之已瘦。,兽名为稻后，食之可治瘦病。,治疗瘦病,药用动物,兽类,中,山经
豪鱼,状如铺，赤史尾赤羽,渠猪之水,河南省;山东省,其中是多豪鱼，状如铺，赤史尾赤羽，可以已白癣。,豪鱼可治白癣。,治疗白癣,药用鱼类,鱼类与水生生物,中,山经
肝肝,状如狸，白尾,霍山,山西省,有兽看，其状如狸，而白尾有，名日肝肝,有一种兽，形状像狸，尾巴白色，名叫肝肝,养之可以已忧,象征无忧,兽类,北,山经
飞鱼,状如铺鱼,劳水,河南省;山东省,多飞鱼，其状如铺鱼，食之已峙衙,有很多飞鱼，形状像铺鱼，吃了可以治峙衙,食之已峙衙,象征治疗,鱼类与水生生物,西,山经
鬼章,叶如欧而赤茎，秀如禾,目牛首之山,云南省,有草右，名目鬼章，其叶如欧而赤茎，其秀如禾，服之不忧,有一种草，名叫鬼章，叶子像欧，茎红色，穗像禾，吃了可以无忧,服之不忧,象征无忧,植物,北,山经
荣草,叶如柳，本如鸡卵,鼓钼之山,江苏省,有草直，名上日荣草，其叶如柳，其本如鸡卵，食之已风,有一种草，名叫荣草，叶子像柳，根像鸡蛋，吃了可以治风,食之已风,象征治疗,植物,东北,山经
赤晓,赤尾赤羽,中山经,河南省,"赤晓尾赤羽, 可以已白癣",赤晓有赤尾赤羽，可治白癣,治白癣,象征治愈,鸟类,中,山经
龙骨,未知,未知,青海省,龙生晋,龙生于晋地,未知,象征神秘,混合形态或超自然生物,未知,未知
将,形状像缺鼠，额头上有花纹,甘囊山,甘肃省;四川省,有 一 种 兽 ， 形 状 像 缺 鼠 ， 额 头 上 长 有 花纹 ， 它 的 名 字 叫 将 ， 吃 了 它 可 以 消除 颈 脖 上 的 肉瘤 。,形状像缺鼠，额头有花纹，吃了可消除肉瘤,消除颈脖上的肉瘤,治疗肉瘤,兽类,中,山经
鸣蛇,形状像蛇，有四只翅膀,鲜山,河南省;山东省,其状如蛇而四辟，其音如馨，见则其虽大旱,形状像蛇，有四只翅膀，声音像磬，出现时会有大旱,预示大旱,干旱的象征,混合形态或超自然生物,西,山经
化蛇,人面豺身，鸟翼蛇行,阳山,山东省,其状如人面而豺身，鸟翼而蛇行，其音如叱呼，见则其邑大水,形状像人面豺身，有鸟翼蛇行，声音像叱呼，出现时会有大水,预示大水,洪水的象征,混合形态或超自然生物,西,山经
蔓昨,形状像狗，有角,昆吉之山,青海省,其状如狗而有角，其音如号，名曰蔓昨，食之不国,形状像狗，有角，声音像号，名叫蔓昨，吃了不会迷路,食之不迷路,指引方向,兽类,西,山经
马腹,人面虎身，声音如婴儿,草渠之山,青海省;四川省,有兽下，其名上马腹，其状如人面虎身，其音如婴儿，是食人。,有一种兽叫马腹，人面虎身，声音像婴儿，会吃人。,食人,凶恶,混合形态或超自然生物,西,山经
芒草,形状像棠树，叶子红色,草渠之山,山东省;江苏省,有木丰，其状如棠而赤时，名目芒草，可以毒鱼。,有一种树叫芒草，形状像棠树，叶子红色，可以毒鱼。,毒鱼,毒性,植物,西,山经
水虎,形如三四岁小儿，鳞甲如鲤，头似席，掌爪带没水中,中山经河水,河南省,河水中有物，如三四岁小儿，鳞甲如鲤，头似席，掌爪带没水中，出郝头。小儿不知，欲取弄戏，便杀人;名为水虎者也。,河中有一种生物，形似小孩，鳞甲如鲤，头似席，掌爪在水中，会杀人。,杀人;掌爪带没水中,危险的水中生物,混合形态或超自然生物,中,山经
夫诸,白鹿四角,黄山,安徽省,有 兽 盐 ， 其 状 如 白 鹿 而 四 角 ， 名日 夫 诸 ， 见 则 其 邑 大 水 。,一种白鹿四角的兽，出现则预示大水。,预示大水,水灾,兽类,北,山经
纳,青身朱目赤尾,青要山,山东省,"其 中 有 鸟 焉 , 名 日 纳 !)， 其 状 如 鬼 ， 青 身 而 朱 目 "" 赤 尾 ， 食 之 宜 子 。",一种青身朱目赤尾的鸟，食之宜子。,食之宜子,生育,鸟类,北,山经
泰估,状如人，有虎尾,黄山之阳,安徽省,吉神泰估司之，其状如人而虎尾，是好居于黄山之阳，出入有光,吉神泰估形状像人，有虎尾，喜欢住在黄山南面，出入时有光,出入有光;动天地气,吉祥与神力,混合形态或超自然生物,中,山经
武罗神,未知,青要山,河南省,武罗神在这里,武罗神居住于此,未知,守护神,混合形态或超自然生物,北,山经
纳岛,形状像野鸡，青色身子，浅红色眼睛，红色尾巴,输水发源的山,未知,沿水产有一种鸟，名字叫纳岛，形状像野鸡，青色的身子，浅红色的眼睛，红色的尾巴,纳岛鸟形状像野鸡，青色身子，红色尾巴,吃了可望生孩子,生育象征,鸟类,北,山经
泰逢,形状像人，长着老虎的尾巴,黄山南面,安徽省,吉神泰逢主管着这座山，他的形状像人，却长着老虎的尾巴,泰逢神形状像人，有老虎尾巴,能够动摇天地大气;兴云致雨,天气控制,混合形态或超自然生物,南,山经
麻,状如禾呈而人目,扶猪之山,河南省;湖北省,有兽看，其状如禾呈而人目，其名目麻,有一种兽，形状像禾呈，有人的眼睛，名叫麻,无,未知,兽类,西,山经
犀渠,状如牛，苍身，音如婴儿,厘山,河南省;陕西省,有兽硕，其状如牛，苍身，甚音如婴儿，是食人，其名昌犀渠,有一种兽，形状像牛，苍色身体，声音像婴儿，会吃人，名叫犀渠,食人,凶兽,兽类,西,山经
上锋,状如猎犬而有鳞，毛如葛电司,厘山,山东省;山西省,有兽址，名上锋，其状如猎犬而有鳞，其毛如葛电司,有一种兽，名叫上锋，形状像猎犬，有鳞片，毛像葛电司,未知,未知,兽类,西,山经
菱,状如楼，叶如桐而菜实,柄山,山东省;江苏省,有木看，其状如楼，其叶如桐而菜实，其名日菱，可以毒鱼导,有一种树，形状像楼，叶子像桐树，果实像菜，名叫菱，可以毒鱼,毒鱼,毒物,植物,西,山经
晶莹芝,状如苏而赤华,能耳之山,四川省,有草硕，其状如苏而赤华，名上晶莹芝，可以毒鱼,有一种草，形状像苏，开红花，名叫晶莹芝，可以毒鱼,毒鱼,毒物,植物,西,山经
马肠,未明确描述外貌,玄乔山,青海省;四川省,其中多马肠之物,玄乔山水中多马肠之物,未知,未知,混合形态或超自然生物,东北,山经
阁,状如猎犬而有鳞,未知,青海省;四川省,其状如猎犬而有鳞,形状像猎犬但有鳞片,未知,未知,混合形态或超自然生物,未知,未知
女娲之肠,未知,大荒西经,青海省,女娲之肠或作女娲之腹,女娲的肠或腹,未知,未知,混合形态或超自然生物,西,大荒经
鹿蹄山,未知,厘山,河南省,中央第四列山系厘山的开头一座山，叫做鹿蹄山,厘山的第一座山是鹿蹄山,未知,未知,未知,中,山经
磨,形状像铬，长着人的眼睛,扶猪山,河南省,有一种兽，形状像铬，却长着人的眼睛，它的名字叫磨。,形状像铬，长着人的眼睛的兽。,无,未知,兽类,西,山经
恬牛,未详细描述,玄筷山,云南省;四川省,所产兽多是恬牛和差羊,玄筷山产恬牛和差羊,未描述,未描述,兽类,西,山经
差羊,未详细描述,玄筷山,山东省,所产兽多是恬牛和差羊,玄筷山产恬牛和差羊,未描述,未描述,兽类,西,山经
捧岛,状如所而三目，有耳,昌首山,山东省,其状如所而三目，有耳，其音如录,昌首山有捧岛，三目有耳，音如录,食之已垫,未描述,混合形态或超自然生物,东,山经
康,未详细描述,尸山,青海省,其兽多康,尸山多产康兽,未描述,未描述,兽类,东,山经
驮印,形状像泉鸟，长有三只眼睛,首山北面的机和谷,河南省;山西省,谷里多产驮印，形状像泉鸟却长有三只眼睛,谷中有驮印，形似泉鸟，三眼,未知,未知,混合形态或超自然生物,北,中山经
耳条,鸣叫声像鹿鸣,县碾山,青海省;山西省;山东省,还有耳条，鸣叫的声音像鹿鸣，吃了它可以防治湿气病。,耳条鸣声如鹿，食之可防湿气病。,防治湿气病,防治疾病,兽类,东,山经
骄虫,形状像人，有两个头,平逢山,河南省;山西省,有神需，其状如人而二首，名目骄虫,有神叫骄虫，形状像人，有两个头,掌管蜜蜂,蜜蜂之神,混合形态或超自然生物,中,山经
昌忽鸡,形状像山鸡，长尾，红色如丹火，青色如虹,庆山,陕西省;甘肃省,其中有鸟焉，状如山鸡而长尾，赤如丹火而青虹，名上昌忽鸡,有一种鸟叫昌忽鸡，形状像山鸡，长尾，红色如丹火，青色如虹,鸣声自呼;服之不眯,吉祥之鸟,鸟类,西,山经
修辟之鱼,状如晶而自晓,带山,山东省,状如晶而自晓，其音如鸭，食之已白瘤,形状像水晶，声音像鸭子，吃了可治白瘤,声音如鸭;可治白瘤,象征治愈,鱼类与水生生物,西,山经
览,不详,夸父之山,青海省;甘肃省,其鸟多览,夸父之山上有许多览鸟,不详,不详,鸟类,西,山经
玄确,不详,门水,河南省;陕西省;四川省,门水出址，而东北流注于河，其中多玄确,门水中有许多玄确,不详,不详,鱼类与水生生物,西,山经
鸣石,似玉，色青,训阳和郡,陕西省,晋永康元年，训阳和郡上鸣石，似玉，色青，撞之声闻七八里,鸣石似玉，撞击声传七八里,发出声音,未知,混合形态或超自然生物,未知,未知
夸父之山,与太华相连,河南灵宝县东南,河南省灵宝市,夸父之山，一名秦山，与太华相连，在今河南灵宝县东南。,夸父山又名秦山，与太华山相连，位于河南灵宝县东南。,无,无,山,中,山经
桃林,多马,宏农湖县阅乡南谷中,河南省灵宝市,桃林，今宏农湖县阅乡南谷中是也;其中多马。,桃林位于宏农湖县阅乡南谷中，那里有很多马。,无,无,山,中,山经
平逢山,不生草木，没有水,南边可望见伊水和洛水，东边可望见谷城山,河南省洛阳市,平逢山，南边可以望见伊水和洛水，东边可以望见谷城山。这座山不生草木，也没有水。,平逢山位于南边可望见伊水和洛水，东边可望见谷城山，山上不生草木，也没有水。,无,无,山,中,山经
忽融,形状像山鸡，长尾巴，全身红色，嘴壳青色,曹谷,河南省;山东省,形状像山鸡却长着长长的尾巴，通身红得像丹火，嘴壳却是青的，名字叫忽融,忽融是一种红色鸟，叫声像自己的名字,鸣叫自呼其名;食用后可避免梦魇,避梦魇,鸟类,西,山经
修辟鱼,形状像蛙却长着白色的嘴,过山,山西省,水中多产修辟鱼，形状像蛙却长着白色的嘴，鸣叫的声音像猎头应，吃了它可以治白癣,水中有很多修辟鱼，形状像蛙，嘴是白色的，叫声像猎头应，吃了可以治白癣,治白癣,未知,鱼类与水生生物,西,山经
骅鸡,良马，具体外貌不详,桃林,陕西省,林里多产良马一一有名的骅鸡、驿耳等八匹骏马,桃林中产有名的骏马骅鸡,无特殊能力描述,象征良马,兽类,北,山经
驿耳,良马，具体外貌不详,桃林,河南省,林里多产良马一一有名的骅鸡、驿耳等八匹骏马,桃林中产有名的骏马驿耳,无特殊能力描述,象征良马,兽类,北,山经
帝台之模,五色而文，状如鹊卵,苦山,河南省;山东省,其上有石希，名日帝台之模，五色而文，其状如鹊卵,苦山上有五色花纹的石头，状如鹊卵,祷百神;服之不串,象征神圣,混合形态或超自然生物,中,山经
昌风条,赤叶而本丛生,苦山,河南省;山西省,有草需，其状如其，赤叶而本丛生，名上昌风条,苦山上有赤叶丛生的草，名为昌风条,可以为敌扩,象征草药,混合形态或超自然生物,中,山经
女尸,化为攻草，叶硝成，华黄，实如葛丘,昌姑即之山,河南省;山东省,帝女死看，其名目女尸，化为攻草，其叶硝成，其华黄，其实如葛丘习，服之媚于人,帝女死后化为攻草，服用后可媚人,媚人,媚惑,混合形态或超自然生物,东,山经
山总,状如逐，赤若丹火,晶苦山,未知,有兽算，名上日山总，其状如逐，赤若丹火，善署,山总兽状如逐，赤若丹火，善署,善署,火焰,兽类,东,山经
天思,神居之，多怪风雨,堵山,未知,神天思居之，是多怪风雨,天思神居堵山，多怪风雨,控制风雨,自然力量,神怪,东,山经
文文,状如蜂，枝尾而反舌,放皋之山,江苏省,有曾焉，其状如蜂，枝尾而反舌，善呼，其名日文文,文文兽状如蜂，枝尾反舌，善呼,善呼,呼唤,兽类,东,山经
牛伤,叶如榆屏，方葵而巷伤，根苍文,大碍之山,四川省;云南省,有草址，其状叶如榆屏，方葵而巷伤，其名日牛伤，其根苍文，服者不厥，可以御兵,牛伤草叶如榆屏，根苍文，服用后可御兵,御兵;不厥,防御,植物,东,山经
三足龟,三足,大碍之山,河南省;山西省,甚中多三足龟，食者无大疾，可以已肿,三足龟食后可治肿,已肿,治愈,爬行与蛇类,东,山经
嘉荣,生而秀，高丈余，赤叶赤华，华而不实,半石之山,河南省;陕西省,其上有草址，生而秀，其高丈余，赤叶赤华，华而不实，其名上日嘉荣，服之者不赴,嘉荣草赤叶赤华，服用后不赴,不赴,保护,植物,东,山经
欠鱼,黑文，状如铺,半石之山,未知,其中多欠鱼，黑文，其状如铺，食者不睡空,欠鱼黑文状如铺，食后不睡,不睡,清醒,鱼类与水生生物,东,山经
帝休,叶状如杨，其枝五种，黄华黑实,少室之山,河南省登封市,叶状如杨，其枝五种，黄华黑实，服者不把,叶子像杨树，枝分五种，黄花黑果，吃了不怒,服者不怒,平息怒气,混合形态或超自然生物,中,山经
彬木,叶状如梨而赤理,泰室之山,河南省登封市,叶状如梨而赤理，其名目彬木，服者不妒,叶子像梨树而有红色纹理，名叫彬木，吃了不妒忌,服者不妒,消除妒忌,混合形态或超自然生物,中,山经
曹草,状如茉，白华黑实，泽如蔓黄,泰室之山,河南省登封市,状如茉，白华黑实，泽如蔓黄，其名日曹草，服之不昧,形状像茉，白花黑果，光泽如蔓黄，名叫曹草，吃了不迷糊,服之不昧,保持清醒,混合形态或超自然生物,中,山经
帝屋,叶状如椒，反伤赤实,讲山,青海省,叶状如椒，反伤赤实，可以御区,叶子像椒树，反伤赤果，可以抵御邪恶,可以御区,抵御邪恶,混合形态或超自然生物,北,山经
亢木,叶状如楼而赤实,浮戏之山,河南省巩义市,叶状如楼而赤实，名目亢木，食之不串,叶子像楼树而有红果，名叫亢木，吃了不生病,食之不串,预防疾病,混合形态或超自然生物,东,山经
昌芮草,叶状如莹，而赤茎白华，实如莫黄,少降之山,河南省;山东省,叶状如莹，而赤茎白华，实如莫黄，食之不电子,叶子像莹草，红茎白花，果实像莫黄，吃了不迷惑,食之不电子,保持清醒,混合形态或超自然生物,东,山经
梨,其叶状如获而赤华,太山,山东省泰安市,其叶状如获而赤华，可以已盖,叶子像获草而有红花，可以治愈疾病,可以已盖,治愈疾病,混合形态或超自然生物,东,山经
葡柏,状如莉，白华而赤实,敏山,山西省;陕西省,其状如莉，白华而赤实，名目葡柏，服者不寒,形状像莉，白花红果，吃了不冷,服者不寒,御寒,植物,东,山经
昌划,状如蔷而毛，青华而白实,大台之山,山东省,其状如蔷而毛，青华而白实，其名昌划，服之不夭，可以为腹病,形状像蔷有毛，青花白果，吃了不夭，可治腹病,服之不夭;治腹病,长寿;治病,植物,东,山经
十六神,皆系身而人面,苦山,河南省;山西省,其十六神者，皆系身而人面,十六位神，都是人身人面,未知,守护神,混合形态或超自然生物,中,山经
帝台,神人名,鼓钟之山,陕西省;河南省,帝台，神人名，棋谓博模也,帝台是神人名，棋是博模,艇百神,神人,混合形态或超自然生物,未知,山经
氟鱼,"状如钙,大口大目细鳞,有斑彩",水中之穴道交通者,四川省;云南省,"状如钙,居违:大口大目细鳞,有斑彩;过:水中之穴道交通者","形状像钙,大口大眼细鳞,有斑彩;生活在水中交通的洞穴",未知,未知,鱼类与水生生物,中,未知
腾鱼,"状如钙,大口大目细鳞,有斑彩",水中之穴道交通者,四川省;云南省,"状如钙,居违:大口大目细鳞,有斑彩;过:水中之穴道交通者","形状像钙,大口大眼细鳞,有斑彩;生活在水中交通的洞穴",未知,未知,鱼类与水生生物,中,未知
基草,无详细描述,泰室之山,河南省登封县北,基草：服之不昧,基草吃了不会做梦,服之不昧,无梦,植物,中,山经
启母,化为石而生启,英观之山,山东省,启母化为石而生启，在此山,启母化为石头生下启,无,母性与生育,混合形态或超自然生物,西,山经
反伤,刺下勾也,英观之山,未知,反伤，刺下勾也,反伤是一种刺状物,无,防御或攻击,混合形态或超自然生物,西,山经
镑,依附黑石而生,英观之山,未知,镑于玄石，言苑玉依黑石而生也,镑依附黑石而生,无,依附与生长,混合形态或超自然生物,西,山经
几谷蛇,此中出蛇,英观之山,湖北省,几谷，言此中出蛇，故以名之,几谷因出蛇而得名,无,神秘与危险,爬行与蛇类,西,山经
少辛,细辛也,英观之山,陕西省;甘肃省,少辛，细辛也,少辛是一种细辛,无,药用价值,植物,西,山经
芮草,音刚,英观之山,山西省;陕西省,芮草，音刚,芮草发音为刚,益人智,智慧与成长,植物,西,山经
帝台之棋,五彩颜色，有斑纹，形状像稚葛蛋,休与山,河南省;陕西省,山上有一种小石子，名叫帝台之棋，五彩的颜色而有斑纹，形状像稚葛蛋,休与山上有五彩斑纹的小石子,防止敢毒侵染,祷祀天神,混合形态或超自然生物,中,山经
凤条,形状像萝草，红色叶子，根连结丛生,休与山,四川省;云南省,有一种草，形状像萝草，红色的叶子，根是连结丛生在一起的，名字叫凤条,休与山上有红色叶子的草,可做箭杆,实用价值,植物,中,山经
山膏,形状像小猪，通身红得像丹火,昔山,陕西省;河南省,有 一 种 兽 ， 名 字 叫 山 膏 ， 形 状 像 小 猪 ， 通 身 红 得 像 丹 火 ， 喜 欢 加 人,昔山有一种兽，名叫山膏，形似小猪，全身红色，喜欢与人互动,喜欢加人,象征热情,兽类,东,山经
三足怨,三足,狂水,河南省;山东省,水中多产三足怨，吃了它可以不生大病，还可以消除首肿。,吃了三足怨可以预防大病，消除首肿。,预防大病;消除首肿,健康与治愈,鱼类与水生生物,南,山经
馆鱼,黑色斑纹，形状像鲫鱼,来需水,未知,水中多产馆鱼，黑色的斑纹，形状像鲫鱼，吃了它精神特别好，可以不睡觉。,吃了馆鱼可以精神好，不睡觉。,提神;不睡觉,精力充沛,鱼类与水生生物,南,山经
饰鱼,形状像猕猴，长足，白足，足趾相对,体水,四川省;云南省,"水中多产饰鱼，形状像恭肉一一一种猕猴样的动物一一却长着长长的足求,白白的足，足趾相对，吃了它可以不患疑心病，还可以防御兵灾。",吃了饰鱼可以预防疑心病，防御兵灾。,预防疑心病;防御兵灾,信任与保护,鱼类与水生生物,北,山经
植木,叶子有彩色叶脉,讲山,青海省;四川省;甘肃省,色 的 叶脉 ， 它 的 名 字 叫 植木 ， 吃 了 它 可 以 不 妒 姨 。,吃了植木可以不嫉妒,不嫉妒,消除嫉妒,混合形态或超自然生物,北,山经
蕃草,形状像茱萸，白花黑果,讲山,山西省;山东省,有 一 种 草 ， 形 状 像 茱 -苍术 或 白术 一 一 白 的 花 ， 黑 的 果实 ， 果 实 润泽 得 像 山葡萄 ， 它 的 名 字 叫 蕃 草 ， 吃 了 它 可 以 不 被 梦 硫 。,吃了蕃草可以不做噩梦,不做噩梦,驱除噩梦,混合形态或超自然生物,北,山经
亢林,树叶像楼树，红色果实,浮戏山,河南省,有 一 种 树 ， 树 叶 的 形状 像 楼 树 的 叶 ， 却 结 红色的 果 实 ， 名 叫 亢 林 ， 吃 了 它 可 以 驱 虫 除 那 。,吃了亢林可以驱虫,驱虫,驱除害虫,混合形态或超自然生物,东,山经
梨草,叶子像艾叶，开红花,太山,山东省,有 一 种 草 ， 名 字 叫 梨 ， 它 的 叶子 像 艾 项 的 叶 ， 却 开 红 花 ， 可 以 拿 它 来 治疗 首 妆 。,梨草可以治疗头痛,治疗头痛,治疗疾病,混合形态或超自然生物,东,山经
共草,草形像蔷草，有毛，青花白果,大驶山,四川省;云南省,有一种草，形像状蔷草却长有毛，青的花，白的果实，它的名字叫共草，吃了它可以长寿，不怕短命死，还可以治肠胃病,吃了共草可以长寿、治肠胃病,长寿;治肠胃病,长寿,植物,东,山经
苦山神,猪身人面,苦山,河南省;山东省,这当中有十六个神，都是猪的身子，人的脸,苦山有十六个猪身人面的神,无,山神,混合形态或超自然生物,中,山经
苦山、少室、泰室山神,人面三头,苦山、少室、泰室,河南省;山东省,这三座山的神，形状都是人的脸而长有三个脑袋,苦山、少室、泰室山神有三头人面,无,山神,混合形态或超自然生物,中,山经
表牛,未知,荆山,湖北省,其中多表牛,荆山多表牛,无,未知,兽类,东北,山经
间、廉,未知,荆山,湖北省,其兽多间、廉,荆山多间、廉兽,无,未知,兽类,东北,山经
神得围,人面，羊角，虎爪,瞧、漠之渊,甘肃省;山西省;内蒙古自治区,其状如人面，羊角虎爪，恒游于瞧、漠之渊，出入有光,形状像人面，有羊角和虎爪，常在瞧、漠之渊游动，出入时有光,出入有光,神秘力量,混合形态或超自然生物,未知,山经
神计蒙,人身而龙首,漳渊,河北省;河南省,其状人身而龙首，恒游于漳渊，出和信必有球风暴雨,形状像人身，头是龙，常在漳渊游动，出现时必有狂风暴雨,引发狂风暴雨,自然力量,混合形态或超自然生物,未知,山经
神涉盖,人身而方面三足,岐山,陕西省,其状人身而方面三足,形状像人身，面部方正，有三只脚,未知,神秘力量,混合形态或超自然生物,未知,山经
白犀,白色犀牛,昌夷鼓之山,山东省;河南省,其兽多系、鹿，多白犀,山中有很多系、鹿和白犀,无特殊能力描述,稀有珍贵,兽类,南,中山经
灼鸟,鸟身人面,荆山之首,湖北省,其神状皆鸟身而人面,山神都是鸟身人面,无特殊能力描述,山神象征,鸟类,南,中山经
囊牛,黑色，属旋牛类,西南微外,云南省;四川省,旋牛属也，黑色，出西南微外也,囊牛是黑色的旋牛类，出没在西南微外,无,无,兽类,西南,山经
敏鱼,今沙鱼,未知,未知,人敏旬即今沙鱼,敏鱼就是现在的沙鱼,无,无,鱼类与水生生物,未知,山经
神盖围,状如人面,未知,辽宁省,其状如人面,神盖围的样子像人脸,无,无,混合形态或超自然生物,未知,山经
自航,似稚而长尾，走且鸣,未知,四川省;云南省,移似稚而长尾，走且鸣,自航像稚鸟但有长尾，边走边鸣叫,鸣叫,无,鸟类,未知,山经
焰,大如胸，紫绿色，长颈赤吃,未知,未知,灼大如胸，紫绿色，长颈赤吃,焰体型如胸，紫绿色，长颈红喙,食竖蛇头,毒鸟,鸟类,未知,山经
象,似葛而鹿足，青色,未知,云南省;广西壮族自治区;广东省,象似葛而鹿足，青色,象像葛但有鹿足，青色,无,无,兽类,未知,山经
神围,形状像人，长有羊角和老虎爪子,骄山,湖北省,神围居在这里，他的形状像人，却长有羊的角和老虎的爪子，他常在瞧水和漳水的渊潭里游玩，每进出水面就会内闪发光。,神围居住在骄山，形似人，有羊角和虎爪，常在水中游玩，出入水面时会发光。,出入水面发光,神秘与力量,混合形态或超自然生物,东北,山经
灸,形状像兔，长有诽足,纶山,青海省,形状像兔却子长有诽足的灸,形状像兔子，长有诽足的异兽,未知,未知,兽类,东,山经
计蒙,人的身子，龙的脑袋,光山,河南省,神计蒙居住在这里，他的形状是人的身子，龙的脑袋,神计蒙，人形龙首,伴随风和暴雨,风雨之神,混合形态或超自然生物,东,山经
涉,人的身子，方方的脸，三只足,岐山,陕西省,神涉居住在这里，他的形状是人的身子，方方的脸，三只足,神涉，人形方脸三足,未知,未知,混合形态或超自然生物,东,山经
豹纹狗,有着豹子斑纹的狗,铜山,河南省,所产兽多是有着豹子斑纹的狗,豹纹狗，斑纹似豹,未知,未知,兽类,东,山经
炮乌,鸟类，具体不详,琴鼓山,四川省;云南省,所产鸟五，中山经多是炮乌,琴鼓山上有五种鸟，主要是炮乌,无特殊能力描述,不详,鸟类,东南,山经
窃脂,形状像猫头鹰，红色身体，白色头部,岂山,陕西省,"有鸟在, 状如哎而赤身白首, 其名日窃脂",有一种鸟，形状像猫头鹰，红色身体，白色头部，名叫窃脂,可以御火,御火之鸟,鸟类,东,山经
独狼,形状像狐狸，白色尾巴，长耳朵,蛇山,湖北省,"有兽需,其状如狐, 而白尾长耳, 名独狼",有一种兽，形状像狐狸，白色尾巴，长耳朵，名叫独狼,未知,未知,兽类,东,山经
犀,体型庞大，皮厚有角,裔山,云南省,其兽多犀、象、能、黑,山中有许多犀牛、大象等动物,力量大;皮厚防御强,力量与坚韧,兽类,东,山经
雇,未知,风雨之山,未知,多雇、豹、虎,有许多雇、豹、虎等动物,未知,未知,兽类,东,山经
豹,体型矫健，皮毛有斑点,风雨之山,云南省;四川省,多雇、豹、虎,有许多雇、豹、虎等动物,速度快;攻击力强,敏捷与凶猛,兽类,东,山经
虎,体型庞大，皮毛有斑纹,风雨之山,河南省;湖北省,多雇、豹、虎,有许多雇、豹、虎等动物,力量大;攻击力强,勇猛与威严,兽类,东,山经
白移,未知,风雨之山,云南省;四川省,其鸟多白移,山中有许多白移鸟,未知,未知,鸟类,东,山经
系,未知,玉山,青海省,其兽多系、应、麻、旬,山中有许多系、应、麻、旬等动物,未知,未知,兽类,东北,山经
应,未知,玉山,青海省,其兽多系、应、麻、旬,山中有许多系、应、麻、旬等动物,未知,未知,兽类,东北,山经
旬,未知,玉山,台湾省,其兽多系、应、麻、旬,山中有许多系、应、麻、旬等动物,未知,未知,兽类,东北,山经
神人,未知,能山,青海省;四川省,有穴看，能之穴，恒出神人,山中有洞穴，常有神人出现,未知,神秘与超凡,混合形态或超自然生物,东,山经
户,未知,葛山,山东省;江苏省,其兽多户、集,山中有许多户、集等动物,未知,未知,兽类,东,山经
集,未知,葛山,山东省;河南省,其兽多户、集,山中有许多户、集等动物,未知,未知,兽类,东,山经
龙修,不详,岷山,四川省,其神状尼马身而龙首,神像马身龙首,不详,不详,混合形态或超自然生物,西,山经
攻牛,大牛，重数千斤,蜀中山,四川省,今蜀中山有大牛，重数千斤，名为攻牛,蜀山中有大牛，重数千斤,不详,不详,兽类,西,山经
怪蛇,长数丈，尾岐,永昌郡,云南省,今永昌郡有钧蛇，长数丈，尾岐，在水中钧取岸上人、牛、马唉之,永昌郡有蛇，长数丈，尾分叉，在水中捕食人畜,捕食人畜,不详,爬行与蛇类,南,山经
草盐,状如蕉，臭如霖范,天帝之山,青海省,天帝之山有草盐，其状如蕉，臭如霖范,天帝之山有草盐，状如蕉，臭如霖范,未知,未知,未知,未知,未知
狸狼,未知,未知,山西省;内蒙古自治区,狸狼，见则国内有兵,狸狼出现，国内有战乱,预示战乱,战乱征兆,兽类,未知,未知
猥肉,仰鼻岐尾，天雨则自悬树，而以尾塞民,未知,未知,猥肉，仰鼻岐尾，天雨则自悬树，而以尾塞民,猥肉，仰鼻岐尾，下雨时自悬树上，用尾巴塞民,自悬树上;用尾巴塞民,未知,兽类,未知,未知
蛇,水蛇,色栋之山,未知,其中多蛇,色栋之山多蛇,未知,未知,爬行与蛇类,未知,未知
间、廉、座、豹、虎,未知,色栋之山,青海省;四川省;云南省,其兽多间、廉，多座、豹、虎,色栋之山多间、廉、座、豹、虎,未知,未知,兽类,未知,未知
能之穴,未知,未知,未知,能之穴……冬启万必有兵,能之穴，冬启则必有战乱,预示战乱,战乱征兆,混合形态或超自然生物,未知,未知
荆、芭,未知,上诽勺之山、历石之山,河南省;湖北省;湖南省,上诽勺之山，其下多荆杞;历石之山，其木多荆芭,上诽勺之山多荆杞;历石之山多荆芭,未知,未知,未知,未知,未知
龙须,似莞而细，生山石穴中，茎倒垂,山石穴中,未知,龙须也;似莞而细，生山石穴中，茎倒垂，可以为席,龙须草，细长如莞，生于山石穴中，茎倒垂，可制席,制席,神话中的仙草,混合形态或超自然生物,中,山经
文山,未知,岷山,四川省,此上无文山，盖即岷山也,文山即岷山,未知,地理标志,未知,西,山经
熊山,未知,未知,湖北省,席者，神之所冯止也,熊山是神灵栖息之地,未知,神灵栖息地,未知,未知,山经
女几山,未知,中央第九列山系,河南省;陕西省,中央第九列山系岂山的开头一座山，叫做女几山，山上多产石涅,女几山是中央第九列山系的第一座山，盛产石涅,未知,山系起点,未知,中,山经
鱼束,未知,岂山,陕西省,多产鱼束,多产鱼束,未知,未知,鱼类与水生生物,东,山经
萎牛,未知,岂山,山东省,所产兽多是萎牛,所产兽多是萎牛,未知,未知,兽类,东,山经
羚羊,未知,岂山,青海省;四川省,所产兽多是羚羊,所产兽多是羚羊,未知,未知,兽类,东,山经
拖,未知,岂山,山东省;河南省,所产兽多是拖,所产兽多是拖,未知,未知,兽类,东,山经
大象,体型庞大，长鼻大耳,甬山,浙江省;云南省,所产曾多是大象,甬山产大象,无,智慧象征,兽类,东,山经
狗熊,体型庞大，毛皮厚实,甬山,浙江省,所产曾多是狗熊,甬山产狗熊,无,力量象征,兽类,东,山经
猿钦,类似猿猴，长尾,甬山,浙江省,还多产猿钦和长尾猿,甬山产猿钦,无,敏捷象征,兽类,东,山经
长尾猿,类似猿猴，长尾,甬山,浙江省,还多产猿钦和长尾猿,甬山产长尾猿,无,敏捷象征,兽类,东,山经
豹子,体型矫健，毛皮有斑点,风雨山,河南省;湖北省;湖南省,还多产豹子,风雨山产豹子,无,速度象征,兽类,东,山经
老虎,体型庞大，毛皮有条纹,风雨山,山东省;江苏省;广东省,还多产老虎,风雨山产老虎,无,力量象征,兽类,东,山经
白芍,白色羽毛,风雨山,未知,所产鸟多是白芍,风雨山产白芍,无,纯洁象征,鸟类,东,山经
野猪,体型庞大，獠牙突出,玉山,台湾省,所产兽多是野猪,玉山产野猪,无,勇猛象征,兽类,东,山经
锡,未知,玉山,台湾省,所产兽多是锡,玉山产锡,无,未知,兽类,东,山经
灼乌,未知,玉山,台湾省,所产鸟多是灼乌,玉山产灼乌,无,未知,鸟类,东,山经
能,未知,能山,未知,山上有一个大洞穴，是能的洞穴，常有神人出现在这里,能山有神人出没,无,神秘象征,混合形态或超自然生物,东,山经
乌马,形状像马，一条腿，尾巴像葛藤,复州之山,湖北省,有乌马，其状如哎，而一足葛尾，其名昌踊中，见则其国大疫,有一种乌马，形状像马，一条腿，尾巴像葛藤，出现时国家会有大疫,预示大疫,不详,兽类,西,山经
虎尾山,山上多产花椒树和可作拐杖的树,虎尾山,未知,再往西五十里，叫做虎尾山，所产木多是花椒树和可以用来作拐杖的树,虎尾山多产花椒树和拐杖树,无,无,兽类,西,山经
繁绩山,山上多产梢树和杜树，草多是桃枝竹和钩端竹,繁绩山,未知,再往西南五十里，叫做繁绩山，所产木多是梢树和杜树，所产草多是桃枝竹和钩端竹,繁绩山多产梢树、杜树、桃枝竹和钩端竹,无,无,兽类,西南,山经
勇石山,不生草本，多产白金，到处是水,勇石山,未知,再往西南二十里，叫做勇石山，不生草本，多产白金，到处是水,勇石山多产白金，到处是水,无,无,兽类,西南,山经
复州山,山上多产模树，南面多产黄金,复州山,湖北省,再往西二十里，叫做复州山，所产林多是模树，山的南面多产黄金,复州山多产模树和黄金,无,无,兽类,西,山经
芍呈,一只足，猪的尾巴,材山,山东省;河北省,器，却是一只足，猪的尾巴，名字叫芍呈，它一出现那个国家就会发生大瘟疫。,一只足，猪尾，出现会引发瘟疫。,引发瘟疫,瘟疫的象征,混合形态或超自然生物,西,山经
八哥,鸟类,又原山,河南省,所产鸟多是八哥。,又原山多产八哥。,无,无,鸟类,西,山经
蛟,水生生物,淇水,河南省,其中多蛟扩,淇水中多蛟。,无,无,鱼类与水生生物,东,山经
秦和,状如时，赤目、赤喙、黄身,上日丰山,陕西省,有兽盐，其状如时，赤目、赤喙、黄身，名曰秦和，见则国大丽,秦和兽出现，国家将有大喜事,预示国家大喜,吉祥之兆,兽类,东南,山经
婴勺,状如更，赤目、赤喙、白身，尾若勺,支离之山,四川省;云南省,有鸟焉，名曰婴勺，其状如更，赤目、赤喙、白身，其尾若勺，其鸣自呼,婴勺鸟鸣叫时自呼其名,鸣叫自呼其名,不详,鸟类,东,山经
斩青耕,状如更，青身白喉，白目白尾,董理之山,河南省,有鸟盐，其状如更，青身白喉，白目白尾，名曰斩青耕，可以御疫，其鸣自叫,斩青耕鸟可以抵御瘟疫,御疫;鸣叫自叫,驱邪避疫,鸟类,西北,山经
狂,状如犬，虎扑有甲,即谷之山,青海省;四川省,有兽硕，其状如犬，虎扑有甲，其名目狂,有兽像犬，有虎纹和甲壳，名叫狂,善驶化;食者不风,不详,兽类,东南,山经
儿,状如柠，赤如丹火,乐马之山,未知,有兽址，其状如柠，赤如丹火，其名日儿,有兽像柠，红色如火，名叫儿,见则其国大疫,不详,兽类,东南,山经
三足警,枝尾,从山,青海省;四川省,其中多三足警，枝尾，食之无患疫,有三足警，尾巴分叉，吃了不生病,食之无患疫,不详,混合形态或超自然生物,东南,山经
上狙如,状如贞鼠，白耳白喉,倚帝之山,河南省;陕西省;四川省,有兽殉，状如贞鼠，和白耳白喉，名上狙如，见则其国有大兵,形状像贞鼠，白耳白喉，出现时国家会有大战争,预示战争,战争预兆,兽类,东,山经
狗即,状如膜大，赤晓、赤目、白尾,鲜山,山东省;河南省,有兽钴，其状如膜大，赤晓、赤目、白尾，见则其尼有火，名日狗即,形状像膜大，红脚、红眼、白尾，出现时会有火灾,预示火灾,火灾预兆,兽类,东,山经
百梁渠,状如狸，白首虎爪,目历石之山,青海省;四川省,有兽看，其状如狸，而白首虎爪，名百梁渠，见则其国有大兵,有兽形状像狸，白首虎爪，名叫百梁渠，出现则国家有大战争,预示战争,战争征兆,兽类,东北,山经
上昌和饥搬,状如乌而赤足,昌丑阳之山,吉林省;辽宁省,有鸟需，其状如乌而赤足，名上昌和饥搬，可以御火,有鸟形状像乌鸦而赤足，名叫上昌和饥搬，可以抵御火灾,御火,防火,鸟类,东,山经
旧闻狂,状如葛，黄身、白头、白尾,上几山,山西省;陕西省,有兽址，其状如葛，黄身、白头、白尾，名旧闻狂，见则天下大风,有兽形状像葛，黄身、白头、白尾，名叫旧闻狂，出现则天下有大风,预示大风,风灾征兆,兽类,东,山经
神耕父,未知,清淮之渊,河南省;安徽省;江苏省,"神耕父处之, 党游清淮之渊, 出入有交",神耕父在清淮之渊，出入时有光交,未知,旱鬼,未知,未知,未知
昌狂,体有鳞甲,虎扑山,山西省,虎扑有甲，其名昌狂,虎扑山上有带鳞甲的生物，名为昌狂,体有鳞甲,未知,兽类,未知,山经
驶盆,跳牙自扑,未知,未知,驶盆: 跳牙自扑也,驶盆是一种会跳跃的生物,跳跃,未知,兽类,未知,未知
去豹,黑鹏,未知,研州山,去豹: 黑鹏也，即今研州山中出黑虎也,去豹是黑鹏，现今研州山中的黑虎,未知,未知,兽类,未知,未知
三足鳖,三足,未具体描述,未知,三足鳖名能，见《尔雅》,三足鳖名为能,未具体描述,未具体描述,鱼类与水生生物,未知,未知
荣,独鼠,梁渠之山,未知,荣，独鼠也,荣是一种独鼠,未具体描述,未具体描述,兽类,北,山经
颜,如青狗,厘山,河南省,颜，如青狗,颜像青色的狗,未具体描述,未具体描述,兽类,中,山经
帝女桑,桑树，与帝女升天有关,宣山,河南省泌阳县,南赤帝女方学道得仙，居南幅阳山桑树上，赤帝以火禁之，女即升天，因名日帝女桑。,赤帝女学道成仙，居桑树上升天，桑树因此得名。,与升天有关,象征升仙,混合形态或超自然生物,南,山经
衡山,山名，非南岳衡山,南之海内,湖南省,南之海内有衡山。,南海内有衡山。,无,象征地理方位,混合形态或超自然生物,南,海内经
羊桃,植物，又名鬼桃,丰山,河南省,多羊桃，一名鬼桃。,丰山多羊桃，又名鬼桃。,无,象征植物,混合形态或超自然生物,未知,山经
膜犬,高大狼毛，狐悍多力,丰山,河南省;山东省,膜犬者，即西膜之犬，今其犬高大狼毛，狐悍多力也。,膜犬是西膜的犬，高大有力。,高大;多力,力量与凶猛,兽类,未知,山经
胞石,更薄易碎,丰山,河南省;湖北省,胞石，即脆石也。此石更薄易碎，故以名下。,胞石是一种薄而易碎的石头。,易碎,脆弱,混合形态或超自然生物,未知,山经
谎和,形状像猿猴，红眼睛，红嘴巴，黄身子,丰山,河南省;湖北省,有一种普，形状像猿猴，红眼睛，红嘴巴，黄身子，名叫谎和,谎和形似猿猴，红眼红嘴黄身,引发恐慌,不详,兽类,东南,山经
青耕,形似喜鹊，青身白嘴，白眼睛，白尾巴,董理山,山东省;江苏省,形状像喜鹊，青身子，白嘴壳，白眼睛，白尾巴,形似喜鹊，青身白嘴，白眼睛，白尾巴,防御时疫;鸣叫自呼其名,防御时疫,鸟类,西北,山经
三足整,分叉的尾巴,从山,青海省;山西省;山东省,沿水多产三足整，分又的尾巴，吃了它可以不患疑心病,吃了三足整可以治疗疑心病,治疗疑心病,治愈,混合形态或超自然生物,东南,山经
狙如,形状像鞠鼠，白耳杀，白嘴简,帝山,青海省;山西省;山东省,有一种兽，形状像鞠鼠，白耳杀，白嘴简，名字叫狙如，它一出现国,狙如出现会带来不详,不详,不详,兽类,东,山经
梁渠,形状像野猫，白色脑袋，老虎爪子,历石山,湖南省;江西省,有一种兽，形状像野猫、却是白色的脑袋，老虎的爪子，名字叫梁渠，它一出现国家就会发生大的战争。,梁渠出现预示国家将发生大战。,预示战争,战争预兆,兽类,东,山经
舱办,形状像乌鸦，足红色,丑阳山,青海省;西藏自治区,有一种鸟，形状像乌鸦而足却是红的，名字叫舱办，畜养它可以用来防御火灾。,舱办鸟可防御火灾。,防御火灾,防火,鸟类,东,山经
闻狂,黄身子，白脑袋，白尾巴,草山,河南省;山东省,是黄身子，白脑袋，白尾巴，名字叫闻狂，它一出现天下就会刮大风。,闻狂出现时，天下会刮大风。,引发大风,风灾的象征,混合形态或超自然生物,未知,山经
神于儿,人身而身操两蛇,夫夫之山,未知,神于儿居之，其状人身而身操两蛇。,神于儿形似人身，手持两蛇。,操蛇,蛇神的象征,混合形态或超自然生物,未知,山经
蚁司,状如龟，白身赤首,即公之山,青海省,有兽焉，其状如龟，而白身赤首，名曰蚁司，是可以御火。,有一种兽，形状像龟，白色身体红色头，名叫蚁司，可以抵御火灾。,御火,抵御火灾,混合形态或超自然生物,东南,中山经
怪神,状如人而载蛇，左右手操蛇,洞庭之山,湖南省洞庭湖附近,是多怪神，状如人而载蛇，左右手操蛇。,这里有很多怪神，形状像人，载着蛇，左右手操蛇。,操蛇,神秘力量,混合形态或超自然生物,东南,中山经
飞蛇,未知,柴桑之山,江西省九江市,其兽多康、鹿，多白蛇、飞蛇。,这里的兽类多为康、鹿，还有很多白蛇和飞蛇。,飞行,神秘生物,爬行与蛇类,南,中山经
洞庭山神,鸟身龙首,洞庭山,湖南省洞庭湖周边,其神状皆鸟身而龙首,洞庭山神的外形是鸟身龙首,未知,山神象征,混合形态或超自然生物,南,山经
荣余山神,鸟身龙首,荣余山,湖北省;湖南省,其神状皆鸟身而龙首,荣余山神的外形是鸟身龙首,未知,山神象征,混合形态或超自然生物,南,山经
怪虫,未知,洞庭山,湖南省洞庭湖周边,其虫多怪蛇、怪虫,洞庭山有许多怪蛇和怪虫,未知,未知,混合形态或超自然生物,南,山经
扶老竹,竹类植物,桂阳,湖南省桂阳县,中，中杖也，名之扶老竹。,扶老竹是一种竹类植物。,无,象征长寿,植物,中,山经
帝之二女,女性神灵,湘江,湖南省,帝之二女居之，天帝之二女而处江为神也。,天帝的两个女儿居住在湘江，成为水神。,无,象征爱情与忠诚,超自然生物,南,海内经
湘君,女性神灵,湘江,湖南省,屈原《九歌》所称湘君、湘夫人是也。,湘君是湘江的女神。,无,象征爱情与忠诚,超自然生物,南,海内经
湘夫人,女性神灵,湘江,湖南省,屈原《九歌》所称湘君、湘夫人是也。,湘夫人是湘江的女神。,无,象征爱情与忠诚,超自然生物,南,海内经
腾蛇,乘雾而飞,西泰山,陕西省,"即腾蛇, 乘雾而飞者",腾蛇能乘雾飞行,乘雾飞行,神秘与超自然,混合形态或超自然生物,西,山经
篇遇山,不生草木,洞庭山,湖南省,中央第十二列山系洞庭山的开头一座山，叫做篇遇山，不生草木，多产黄金。,篇遇山不生草木，多产黄金。,产黄金,财富,山,中,山经
云山,不生草木,洞庭山,湖南省,再往东南五十里，叫做云山，不生草木。,云山不生草木。,无,荒凉,山,中,山经
桂竹,竹类植物，毒性极大,两山,湖南省;江西省;浙江省,再往东七十里，叫做两山，多产笔竹一就是前面所说的桂竹,两山产桂竹，毒性极大,毒性极大;触伤可致命,危险与死亡,植物,东,山经
扶竹,竹类植物，可做拐杖,鱼山,山东省,还多产扶竹一又叫扶老竹，可以用来做老年人的拐杖,鱼山产扶竹，可做拐杖,可做拐杖,长寿与支持,植物,东南,山经
天帝的两个女儿,人形，常在江水中游玩,洞庭山,湖南省,天帝的两个女儿在这里居住，她们常在江水的渊漂里游玩,洞庭山有天帝的两个女儿，常在江水中游玩,伴随狂风暴雨;进出会引发怪神出现,自然力量与神秘,混合形态或超自然生物,东南,山经
蚁,形状像乌危，白身子，红脑袋,即公山,河南省;陕西省,形状像乌危，却是白身子，红脑袋，名字叫蚁,形似乌危，白身红头，名为蚁,防御火灾,防火,混合形态或超自然生物,东南,山经
羽民国,长头，身生羽,南山东南,陕西省,羽民国在其东南，其为人长头，身生羽,羽民国在南山东南，人长头，身生羽,飞行,象征自由,混合形态或超自然生物,南,海外南经
毕方鸟,人面，一脚,青水西,山东省,毕方鸟在其东，青水西，其为鸟人面，一脚,毕方鸟在青水西，人面，一脚,飞行;喷火,象征灾祸,鸟类,南,海外南经
厌火国,兽身黑色，生火出其口中,毕方东,青海省,厌火国在其国南，兽身黑色，生火出其口中,厌火国在毕方东，兽身黑色，口中喷火,喷火,象征火焰,兽类,南,海外南经
三株树,树如柏，叶皆为珠,赤水上,四川省;云南省,三株树在厌火北，生赤水上，为其树如柏，叶皆为珠,三株树在厌火北，树如柏，叶为珠,无,象征财富,植物,南,海外南经
三苗国,人相随,赤水东,四川省;云南省,三苗国在赤水东，其为人相随,三苗国位于赤水东，人们相互跟随,,未知,混合形态或超自然生物,东,海外经
载国,人黄,三毛国东,甘肃省,载国在其东，其为人黄，能操己射蛇,载国位于三毛国东，人们黄色，能射蛇,射蛇,未知,混合形态或超自然生物,东,海外经
贯匈国,人多有窗,载国东,山东省,贯匈国在其东，其为人多有窗,贯匈国位于载国东，人们身上有窗,,未知,混合形态或超自然生物,东,海外经
交肥国,人交肥,贯匈国东,山西省;河南省;山东省,交肥国在其东，其为人交肥,交肥国位于贯匈国东，人们肥胖,,未知,混合形态或超自然生物,东,海外经
不死民,人黑色,交肥国东,山东省;江苏省;浙江省,不死民在其东，其为人黑色，寿，不死,不死民位于交肥国东，人们黑色，长寿不死,不死,长寿,混合形态或超自然生物,东,海外经
岐舌国,人短小，冠带,不死民东,青海省,岐舌国在其东，其为人短小，冠带,岐舌国位于不死民东，人们短小，戴冠带,,未知,混合形态或超自然生物,东,海外经
三首国,人一身三首,岐舌国东,山东省,三首国在其东，其为人一身三首,三首国位于岐舌国东，人们一身三头,,未知,混合形态或超自然生物,东,海外经
焦侥国,人短小,三首国东,山东省,焦侥国在三首东，其为人短小,焦侥国位于三首国东，人们短小,,未知,混合形态或超自然生物,东,海外经
长臂国,人两手各操一鱼,焦侥国东,山东省,长臂国在其东，捕鱼水中，两手各操一鱼,长臂国位于焦侥国东，人们捕鱼，两手各抓一鱼,捕鱼,捕鱼能手;双手灵巧,混合形态或超自然生物,东,海外经
祝融,兽身人面，乘两龙,南方,广东省;广西壮族自治区;海南省,南方祝融，兽身人面，乘两龙,南方祝融，兽身人面，骑两龙,乘龙,火神,混合形态或超自然生物,南,海外经
灭蒙鸟,乌青色，赤尾,结匈国北,云南省;四川省,灭蒙鸟在结匈国北，为乌青，赤尾,灭蒙鸟在结匈国北，羽毛乌青，尾巴红色,未知,战争预警;不祥之兆,鸟类,北,海外南经
结匈国,脐前肤出，如人结喉,海外西南至东南,云南省;广西壮族自治区;广东省,其为人结匈：郭瑞云：脐前肤出，如人结喉也,结匈国的人脐前皮肤突出，像结喉,未知,未知,混合形态或超自然生物,西南,海外南经
神人二八,连臂,西南方,云南省,有神人二八，连臂，为帝司夜于此野,有十六个神人，连臂为帝守夜,夜行,象征夜行,混合形态或超自然生物,未知,未知
谎头国,画亦似仙人,南海,广东省;海南省;广西壮族自治区,谎头国在南海，画亦似仙人,谎头国在南海，画像像仙人,无,帝怜之,混合形态或超自然生物,南,海内经
厌光国民,形似猥猴，黑色，光从口中出,厌光国,青海省;甘肃省;宁夏回族自治区,"厌光国民，光出 口中 ,， 形 尽 似 猥 猴 ，黑 色",厌光国民，形似猴子，黑色，光从口中出,光从口中出,光与黑暗的象征,混合形态或超自然生物,未知,未知
一目三毛国,人一目三毛,未知,青海省;甘肃省,一 目 三 毛 国,一目三毛国,无,独特与奇异,未知,未知,未知
巫载民,不详,载国,四川省;云南省,巫载民爵姓，食谷，不绩不经，服也;不稼不和神，食也。,巫载民有爵位，吃谷物，不织布，不耕种。,不详,不详,混合形态或超自然生物,未知,山经
贯匈民,胸前穿孔达背,穿胸国,云南省;贵州省;广西壮族自治区,穿匈之国去其衣则无自然者。,穿匈国的人脱下衣服后没有自然形态。,不详,不详,混合形态或超自然生物,未知,山经
交肥民,脚径曲康相交,交肥国,广西壮族自治区;广东省,其为人交肥，言脚径曲康相交。,交肥民脚相交，行走时脚交叉。,不详,不详,混合形态或超自然生物,未知,山经
反舌国,舌本在前，未倒向喉,南方,广东省;广西壮族自治区;海南省,南方有反舌国，舌本在前，未倒向喉，故目反舌。,南方有反舌国，居民舌头向前，未倒向喉咙。,不详,语言奇特,混合形态或超自然生物,南,海内经
昆仑虚,山基四方,东海方丈山,青海省,昆仑虚在其东，虚四方。,昆仑虚位于东，山基四方。,不详,高山象征,混合形态或超自然生物,东,海内经
周侥国,人长三尺，穴居,周侥国,山西省,其人长三尺，穴居，能为机巧，有五谷也。,周侥国人身高三尺，住在洞穴中，擅长制作精巧机械，种植五谷。,制作精巧机械;种植五谷,小人国,混合形态或超自然生物,未知,未知
狄山,无,狄山,甘肃省;陕西省,狄山者，狄中之山也。,狄山是狄族地区的山。,无,无,未知,未知,未知
帝尧,无,阳城县西、东阿县城次乡中、赭阳县湘亭南,山西省;山东省;湖南省,帝尧苦于阻，党莫谷林。,帝尧在阳城县西等地有墓。,无,无,未知,南,未知
离朱,赤色鸟，象征南方星宿,南方,湖南省;广东省;广西壮族自治区,离朱在能、黑、文虎、肉、葛之间，自应是动物名。,离朱是一种赤色鸟，象征南方星宿。,象征南方星宿;与日相关,象征南方星宿,鸟类,南,山经
视肉,形如牛肝，有两目,未知,青海省;山西省;山东省,聚肉，形如牛肝，有两目也;食之无尽，寻复更生如故。,视肉形如牛肝，有两目，食之不尽，能再生。,食之无尽;能再生,象征永生,混合形态或超自然生物,未知,山经
三珠树,形状像柏树，树叶全是珍珠,厌火国的北边，赤水岸上,四川省;云南省,三珠树在厌火国的北边，生在赤水岸上。这种树形状像柏树，树叶全是珍珠,三珠树形似柏树，叶如珍珠,不详,不详,植物,北,海外南经
贯胸国,胸前都有一个洞,载国的东边,山西省,贯胸国在它的东边。这里的人胸前都有一个洞,贯胸国人胸前有洞,不详,不详,混合形态或超自然生物,东,海外南经
九代,乘两龙，云盖三层，左手操明，右手操环，佩玉瑛,大运山北,河北省;山西省;内蒙古自治区,夏后启于此任九代，乘两龙，云盖三层。左手操明，右手操环，佩玉瑛。在大运山北。,夏后启在此驾驭九代，乘两龙，云盖三层。,驾驭龙;云盖三层,权力与神性,混合形态或超自然生物,北,山经
三身国,一首而三身,夏后启北,河南省;山西省;河北省,三身国在夏后启北，一首而三身。,三身国在夏后启北，一首三身。,无,奇异形态,混合形态或超自然生物,北,山经
一臂国,一臂、一目、一鼻孔,三身国北,山东省,一臂国在其北，一臂、一目、一鼻孔。,一臂国在其北，一臂一目一鼻孔。,无,奇异形态,混合形态或超自然生物,北,山经
黄马,虎文，一目而一手,一臂国,青海省;甘肃省,有黄马，虎文，一目而一手。,有黄马，虎纹，一目一手。,无,奇异形态,兽类,北,山经
奇肱之国,一臂三目，有阴有阳，乘文马,一臂国北,四川省,奇肱之国在其北。其人一臂三目，有阴有阳，乘文马。,奇肱国在其北，一臂三目，乘文马。,无,奇异形态,混合形态或超自然生物,北,山经
两头鸟,两头，黄色,奇肱国旁,青海省;山西省,有鸟址，两头，黄色，在其旁。,有鸟，两头，黄色，在其旁。,无,奇异形态,鸟类,北,山经
形天,以乳为目，以脐为口，操干戚以舞,常羊之山,青海省,形天与帝至此争神，帝断其首，磊之常羊之山。乃以乳为目，以脐为口，操干戚以舞。,形天与帝争神，帝断其首，以乳为目，以脐为口。,无首而舞,不屈精神,混合形态或超自然生物,未知,山经
女祭、女戚,居两水间，戚操鱼钥，祭操姐,形天北,青海省,女祭、女戚在其北，居两水间，戚操鱼钥，祭操姐。,女祭、女戚在其北，居两水间，操鱼钥与姐。,无,祭祀象征,混合形态或超自然生物,北,山经
鸷鸟、角鸟,青黄色，所经国亡,女祭北,河南省;山西省;河北省,鸷鸟、角鸟，色其青黄，所经国亡。在女祭北。,鸷鸟、角鸟，青黄色，所经国亡。,不详,不详,鸟类,北,山经
丈夫国,衣冠带剑,维鸟北,河北省;山西省;内蒙古自治区,丈夫国在维鸟北，其为人衣冠带剑。,丈夫国在维鸟北，衣冠带剑。,无,男性象征,混合形态或超自然生物,北,山经
女丑之尸,生而十日炙杀之，以右手部其面,丈夫北,山西省,女丑之尸，生而十日炙杀之。在丈夫北。以右手部其面。,女丑之尸，被十日炙杀，右手遮面。,无,不详,混合形态或超自然生物,北,山经
巫咸国,右手操青蛇，左手操赤蛇,女丑北,山西省;河北省,巫咸国在女丑北，右手操青蛇，左手操赤蛇。,巫咸国在女丑北，操青蛇与赤蛇。,操蛇,巫术象征,混合形态或超自然生物,北,山经
并封,状如划，前后皆有首，黑,巫咸东,四川省;湖北省,并封在巫咸东，其状如划，前后皆有首，黑。,并封在巫咸东，状如划，前后有首，黑色。,无,不详,兽类,东,山经
女子国,两女子居，水周之,巫咸北,四川省;湖北省,女子国在巫咸北，两女子居，水周之。,女子国在巫咸北，两女子居，水环绕。,无,女性象征,混合形态或超自然生物,北,山经
轩辕之国,人面蛇身，尾交首上,穷山之际,河南省;陕西省,轩辕之国在此穷山之际，人面蛇身，尾交首上。,轩辕国在穷山，人面蛇身，尾交首上。,无,神性象征,混合形态或超自然生物,北,山经
龙鱼,状如狸，一目银,陵居在其北,河北省;辽宁省,龙鱼陵居在其北，状如狸。一目银,龙鱼住在北方，形状像狸猫，一只眼睛是银色的,神圣乘此以行九野,神圣的象征,混合形态或超自然生物,北,海外经
乘黄,状如狐，背上有角,白民之国,青海省;甘肃省,有乘黄，其状如狐，其背上有角，乘之寿二千岁,乘黄形状像狐狸，背上有角，骑上它可以活两千岁,乘之寿二千岁,长寿的象征,混合形态或超自然生物,北,海外经
夏后启,乘龙登天,大运山北,河北省;山西省;内蒙古自治区,夏后启签，御飞龙登于天，吉。,夏后启乘龙登天，吉祥。,乘龙登天;与神通,仙人与神通,混合形态或超自然生物,北,大荒经
奇及之国,其人一臂三目，有阴有阳,豫州界中,河南省,其人善为机巧，以取百禽，能作飞车，从风远行。,奇及国的人擅长制作机械，能制作飞车。,制作飞车;机巧,智慧与技艺,混合形态或超自然生物,中,未知
吉良,编身朱岩，目若黄金,犬戎国,陕西省;甘肃省,犬戎国有文马，编身朱岩，目若黄金，名目吉量，乘之寿千岁。,吉良马有金色眼睛，骑之可长寿。,长寿,长寿与吉祥,兽类,北,海内经
刑天,无首，以脐为口，操干戚以舞,常羊之山,陕西省;河南省,刑天与帝至此，操干戚以舞,刑天与帝争斗，无首仍舞干戚,无首仍能战斗;以脐为口,不屈不挠的精神,混合形态或超自然生物,西,大荒经
上昌屏茵,左右有首,荒大西经,青海省;四川省,有兽，左右有首，名上昌屏茵,一种左右都有头的兽,无,神话化的异形之物,混合形态或超自然生物,西,山经
陵鱼,状如狸，或如鲤，一角,海内北经,山东省;河北省,状如狸，或日龙鱼一角也,形状像狸或鲤，有一角,未知,神话中的人鱼,混合形态或超自然生物,北,海内经
肃慎民,无具体外貌描述,大荒之中，有山名旦不咸,吉林省;辽宁省,大荒之中，有山名旦不咸。有肃愤氏之国。,大荒之中有山名旦不咸，肃愤氏之国在此。,无特殊能力描述,象征肃慎之国,混合形态或超自然生物,北,大荒经
长股国,人身如中人而臂长二丈，脚过三丈,西海北之外，赤水之东,四川省;云南省,西海北之外，赤水之东，有长肥之国。,西海北之外，赤水之东有长股国。,脚长三丈;常负长臂人入海捕鱼,象征长股之国,混合形态或超自然生物,西,大荒经
蓐收,人面、虎爪、白毛，执钺,无具体地理位置,青海省,金神也;人面、虎爪、白毛，执钺。,金神蓐收，人面虎爪，执钺。,执钺;象征金神,象征金神,混合形态或超自然生物,未知,海外经
文马,白身红鬃，眼睛像黄金,奇肱国,青海省,他们骑文马——文马就是白身红鬃、眼睛像黄金的吉量,文马是白身红鬃，金眼的吉量马,无特殊能力描述,吉祥之马,兽类,未知,海外经
双头鸟,两个脑袋，红黄色的身子,奇肱国附近,青海省,有一种鸟，两个脑袋，红黄色的身子，在他们的旁边,双头鸟，红黄色身体,双头,不详之兆,鸟类,未知,海外经
维鸟,青中带黄，人面鸟身,女戚北边,河北省;山西省;内蒙古自治区,咨鸟和希鸟，它们的颜色是青中带黄，所经过的地方，国家就会灭亡。咨鸟长着一张人样的脸，正死立在山上,维鸟青黄相间，人面鸟身，带来不详,带来不详;人面鸟身,不详之兆,鸟类,北,海外经
轩辕国的人,人脸，蛇身，尾巴绕在头顶上,轩辕国在穷山附近,河南省,轩辕国在穷山的附近，这里的人最短命的也有八百岁。他们的人脸，蛇身，尾巴绕在头顶上,轩辕国的人长寿，具有蛇身人脸的形态,长寿;蛇身,长寿与神性,混合形态或超自然生物,北,海外西经
相柳,九首人面，蛇身而青,昆仑之北，柔利之东,青海省,相柳者，九首人面，蛇身而青。不敢北射,相柳有九个头，蛇身青色，不敢向北射箭,食于九山;血腥不可种五谷,凶恶的象征,混合形态或超自然生物,北,海外经
钟山之神,人面蛇身，赤色,钟山下,江苏省,钟山之神，名百烛阴，视为骨，上是为夜，吹为冬，呼为夏，不饮，不食，不息，息为风，身长千里,钟山之神百烛阴，人面蛇身，赤色，掌管昼夜冬夏,掌管昼夜冬夏;不饮不食不息,自然力量的象征,混合形态或超自然生物,未知,海外经
共工之台,台四方，隅有一蛇，虎色，首冲南方,共工之台,山西省,台四方，隅有一蛇，虎色，首冲南方,台四方，角落有一条蛇，虎色，头朝南,无,象征共工的力量,混合形态或超自然生物,东,海外经
深目国,为人举一手一目,深目国,青海省;甘肃省,为人举一手一目,人举一手一目,无,象征深目国的特征,混合形态或超自然生物,东,海外经
无肠之国,其为人长而无肠,无肠之国,青海省,其为人长而无肠,人长而无肠,无,象征无肠国的特征,混合形态或超自然生物,东,海外经
聚耳之国,两使文虎,聚耳之国,山东省;山西省,两使文虎,两使文虎,无,象征聚耳国的特征,混合形态或超自然生物,东,海外经
博父国,其为人大，右手操青蛇，左手操黄蛇,博父国,青海省;山西省,其为人大，右手操青蛇，左手操黄蛇,人高大，右手持青蛇，左手持黄蛇,操蛇,象征博父国的力量,混合形态或超自然生物,东,海外经
拘继之国,一手把继,拘继之国,云南省;四川省,一手把继,一手持继,无,象征拘继国的特征,混合形态或超自然生物,东,海外经
中中国,其为人大，两足亦大,中中国,未知,其为人大，两足亦大,人高大，两足也大,无,象征中中国的特征,混合形态或超自然生物,东,海外经
欧丝之野,一女子跪据树欧丝,欧丝之野,云南省;四川省,一女子跪据树欧丝,一女子跪在树上吐丝,吐丝,象征欧丝之野的特征,混合形态或超自然生物,东,海外经
三桑无枝,其木长百仍，无枝,三桑无枝,山东省,其木长百仍，无枝,树长百仍，无枝,无,象征三桑无枝的特征,混合形态或超自然生物,东,海外经
范林,方三百里，洲环其下,范林,贵州省,方三百里，洲环其下,方三百里，洲环绕其下,无,象征范林的特征,混合形态或超自然生物,东,海外经
务隅之山,帝络项芋于阳，九巡苦于阴,务隅之山,山西省,帝络项芋于阳，九巡苦于阴,帝络项芋在阳，九巡苦在阴,无,象征务隅之山的特征,混合形态或超自然生物,未知,海外经
平丘,有两山夹上谷，二大丘居中,平丘,河南省,有两山夹上谷，二大丘居中,有两山夹上谷，二大丘居中,无,象征平丘的特征,混合形态或超自然生物,东,海外经
驹验,状如马,北海内,山东省,状如马,形状像马,无,象征驹验的特征,兽类,北,海内经
驴,状如白马，锯牙，食虎豹,北海内,河北省;山东省;辽宁省,状如白马，锯牙，食虎豹,形状像白马，锯牙，食虎豹,食虎豹,象征驴的特征,兽类,北,海内经
到,状如马,北海内,辽宁省;河北省;山东省,状如马,形状像马,无,象征到的特征,兽类,北,海内经
强,人面鸟身，践两青蛇,北方,河北省;山西省;内蒙古自治区,北方遇强，人面鸟身，班两青蛇,北方有一种强，人面鸟身，脚踏两条青蛇,未知,战争预警;神力象征,混合形态或超自然生物,北,山经
无启,穴居，食土，无男女,海外北经,黑龙江省;吉林省;辽宁省,其人穴居，食土，无男女，死即埋之，其心不朽，死百廿岁乃复更生,他们穴居，吃土，没有男女之分，死后埋掉，心脏不朽，一百二十年后复活,死而复生,不死,混合形态或超自然生物,北,海外经
烛龙,人面，蛇身，身长千里,雁门北，委羽之山,山西省,烛龙在雁门北，蔽于委羽之山，不见日，其神人面龙身而无足,烛龙在雁门北，遮蔽在委羽山，不见阳光，神像人面龙身无足,息为风,掌控风的神灵,混合形态或超自然生物,北,大荒北经
一目国,人面，一目在面中,未知,青海省,有人一目，当面中生。一目是威姓，少昊之子，食乘,有人一目在面中，是威姓，少昊之子，食乘,未知,独眼象征,混合形态或超自然生物,未知,大荒北经
柔利国,人无骨,未知,未知,有牛黎之国。有人无骨，估耳之子,有牛黎国，人无骨，是估耳之子,未知,无骨象征,混合形态或超自然生物,未知,大荒北经
共工,未知,未知,山西省,共工，霸九州者,共工是霸九州的神,未知,霸九州的神,混合形态或超自然生物,未知,未知
深目民,深目，举一手,深目国,云南省;四川省;青海省,有人方食鱼，名昌深目民之国，盼姓，食鱼。,深目国民以鱼为食。,深目;举一手,异形之国,混合形态或超自然生物,北,大荒经
聂耳之国,耳长，行则以手持之,聂耳之国,辽宁省;山东省,有仅耳之国，任姓，昌号子，食谷。,聂耳国民以谷物为食。,耳长;以手持耳,异形之国,混合形态或超自然生物,北,大荒经
文虎,雕虎,海外南经,广东省;海南省,文虎，雕虎;已见《海外南经》郭珊注。,文虎是一种雕虎。,雕虎,异形之国,兽类,南,海外经
两虎,两只文虎,聂耳国之东,河南省;湖北省,两虎在其东,两只老虎在聂耳国的东边,守护;象征力量,守护与威严,兽类,东,海外经
大泽,广阔的水域,海西内经,青海省,泽大方百里，群鸟所生及所解,大泽方圆百里，是群鸟栖息的地方,孕育生命;群鸟栖息,生命之源,鱼类与水生生物,西,海内经
邓林,桃林,中山经,楚之北境,夸父之山，北有桃林,夸父山的北边有桃林,象征生命与希望,生命与希望,混合形态或超自然生物,中,山经
欧丝女子,女子跪据树吐丝,北海外,辽宁省;河北省,有女子方跪据树而呕丝，北海外也。,女子跪在树下吐丝，位于北海外。,吐丝,神秘生物,混合形态或超自然生物,北,大荒经
九巡芋,未知,附国之山,四川省;云南省,帝客项与九巡芋下,帝客项与九巡芋在附国之山下,未知,未知,混合形态或超自然生物,北,大荒经
四蛇,四条蛇,铺鱼之山,四川省;云南省,四蛇卫之,四条蛇守卫着,守卫,守护,爬行与蛇类,未知,山经
甘相,树枝干凤赤，黄华，白上时，黑实,其山之东,青海省,其树枝干凤赤，黄华，白上时，黑实,树枝干凤赤，黄华，白上时，黑实,未知,未知,植物,东,大荒经
甘华,赤枝干，黄华,未知,未知,亦赤枝干，黄华,也是赤枝干，黄华,未知,未知,植物,未知,大荒经
相柳氏,九个脑袋,共工的臣子,山西省,共工的臣子名叫相柳氏，生有九个脑袋，同时吃九座山上的食物。相柳所经过的地方，便成了沼泽和肖谷。,相柳氏有九个头，能吃九座山的食物，所过之处变成沼泽。,吃九座山的食物;制造沼泽,破坏与混乱的象征,混合形态或超自然生物,未知,海外经
季利国,一只手和一只脚，膝盖反转生，脚弯曲朝上,一目国的东边,山东省;江苏省,季利国在一目国的东边。这里的人只有一只手和一只脚，膝盖反转生，脚弯曲朝上。,季利国的人手脚异常，膝盖反转。,无,异常形态的象征,混合形态或超自然生物,东,海外经
无肠国,身体长大，肚里没有肠子,深目国东边,陕西省;甘肃省,这里的人身体长大，可是肚里却没有肠子——吃下的东西一直通过,无肠国人身体长大，无肠子,无,无,混合形态或超自然生物,东,海外北经
聚耳国,每人使唤两匹花斑大老虎，两手托着大耳朵,无肠国东边,山东省,每人使唤两匹花斑大老虎，两只手经常托着自己的大耳朵,聚耳国人使唤两虎，托大耳,使唤老虎,无,混合形态或超自然生物,东,海外北经
允双,形状像白马，锅子一样的牙齿,北海内,山东省,北海内有一种和兽，名字叫允双。,北海内有一种兽，名叫允双。,能吃老虎和豹子,凶猛,兽类,北,海内经
欧丝野女子,女子跪据在大树上吐丝,反旦国的东边,山东省;江苏省;广东省,欧丝野在反旦国的东边，一个女子正跪据在一棵大树上吐丝。,欧丝野在反旦国的东边，女子在树上吐丝。,吐丝,神秘,混合形态或超自然生物,东,海外经
拘瘦国人,常用一只手托住自己颈脖上的肉瘤,拘瘦国,未知,拘瘦国在它的东边，这里的人常用一只手托住自己颈脖上的肉瘤。,拘瘦国的人常用手托住颈上的肉瘤。,无,奇特,混合形态或超自然生物,东,海外经
跨呈国人,两只脚的脚跟不着地，踏着脚掌走路,跨呈国,四川省;云南省,跨呈国在拘瘦国的东边。这里的人都是两只脚的脚跟不着地，踏着脚掌走路的。,跨呈国的人用脚掌走路，脚跟不着地。,无,奇特,混合形态或超自然生物,东,海外经
遇强,风神时人面鸟身，耳挂青蛇，脚踏青蛇;水神时鱼身有手足，驾两龙,北方,内蒙古自治区;河北省;山西省,北方的风神而兼水神的遇强一一当他是风神的时候，他的形态就是人的脸，鸟的身子，耳杀上悬挂两条青蛇，脚下践踏两条青蛇。一当他是水神的时候，他就是鱼的身子，有手有足，驾着两条龙。,北方风神兼水神遇强，风神时人面鸟身，水神时鱼身驾龙。,控制风;控制水,风与水的神,混合形态或超自然生物,北,未知
奢比之尸,兽身、人面、大耳，耳挂两条青蛇,未知,青海省,奢比之尸…在其北，兽身、人面、大耳，班两青蛇!)]。,奢比之尸在北，兽身人面，耳挂青蛇。,未知,未知,混合形态或超自然生物,北,未知
天吴,八首人面，八足八尾，皆青黄,朝阳之谷,山东省,"朝阳之谷!),神日天吴,是为水伯。在重重北两水间。其为兽也，八首人面，八足八尾，皆青黄)。",朝阳之谷的神天吴，八首人面，八足八尾。,控制水,水神,混合形态或超自然生物,北,未知
青丘国九尾狐,四足九尾,青丘国,山东省,青丘国在其北)，其狐四足九尾]。,青丘国的狐狸有四足九尾。,未知,祥瑞之兽,兽类,北,未知
扶桑,居水中，有大木，九日居下枝，一日居上枝,黑齿北,山东省,居水中，有大木，九日居下枝，一日居上枝,扶桑树在水中，九日在下枝，一日在上枝,承载十日,太阳栖息之地,混合形态或超自然生物,北,山经
雨师妾,其为人黑，两手各操一蛇，左耳有青蛇，右耳有赤蛇,黑齿北,黑龙江省,其为人黑，两手各操一蛇，左耳有青蛇，右耳有赤蛇,雨师妾肤色黑，两手各持一蛇，耳上有青红蛇,操蛇,蛇神,混合形态或超自然生物,北,山经
一目,为人黑身人面，各操一龟,十目北,内蒙古自治区;河北省;山西省,为人黑身人面，各操一龟,一目黑身人面，手持龟,操龟,龟神,混合形态或超自然生物,北,山经
玄股之国,其为人衣鱼食鼎，使两鸟夹之,雨师妾北,山东省,其为人衣鱼食鼎，使两鸟夹之,玄股国人穿鱼衣，食鼎食，两鸟相伴,使鸟,鸟神,混合形态或超自然生物,北,山经
毛民之国,为人身生毛,玄股北,山西省;内蒙古自治区,为人身生毛,毛民国人全身长毛,无,毛人,兽类,北,山经
劳民国,其为人黑,毛民北,河北省;内蒙古自治区,其为人黑,劳民国人肤色黑,无,劳民,混合形态或超自然生物,北,山经
东方句芒,鸟身人面，乘两龙,未知,山东省;江苏省;浙江省,鸟身人面，乘两龙,句芒鸟身人面，骑两龙,乘龙,春神,混合形态或超自然生物,东,山经
大人国,有大人之市，名曰大人之常,大荒之中,青海省;内蒙古自治区,有大人之市，名曰大人之常,大人国有大人市，名为大人之常,无,巨人,混合形态或超自然生物,东,大荒经
奢比尸,人面犬耳，兽身，耳戴两青蛇,东海之外,山东省;江苏省;浙江省,有九海外东经神，人面犬耳，兽身，表两青蛇，名上日奢比尸,奢比尸是东海外的神，人面犬耳，兽身，耳戴两青蛇,耳戴两青蛇;象征东方之神,象征东方之神,混合形态或超自然生物,东,大荒东经
君子国,衣冠带剑，食兽，使二大虎在旁,东口之山,山东省;江苏省,有东口之山。有君子之国，其人衣冠带剑,君子国在东口山，国民衣冠带剑，食兽，使二大虎在旁,使二大虎在旁,象征礼仪与威严,兽类,东,大荒东经
竖亥,健行人,未知,山东省;江苏省;浙江省,竖亥，健行人,竖亥，善于行走,健行,未知,混合形态或超自然生物,未知,未知
黑齿国,国民牙齿黑色,倭国东四十余里,山东省;江苏省,有黑齿之国。帝俊生黑齿，姜姓，乘食，使四岛,黑齿国国民牙齿黑色，由帝俊所生,乘食;使四岛,象征神秘与异域,混合形态或超自然生物,东,大荒经
衣鱼,鱼以皮为衣,未知,未知,鱼以皮为衣也,鱼以皮为衣,未知,水中生物,鱼类与水生生物,未知,未知
玄股民,股黑，两鸟夹之,未知,河北省;山西省,玄股民，其股黑，两鸟夹之,玄股民，大腿黑色，两鸟夹持,未知,未知,混合形态或超自然生物,未知,未知
毛民,人身生毛,大荒北经,河北省;山西省;内蒙古自治区,"有毛民之国，依姓，食和磁,使四鸟",毛民国，依姓，食和磁，使四鸟,使四鸟,黄帝之裔,混合形态或超自然生物,北,大荒经
劳民,为人黑,淮南子.地形篇,安徽省,劳民，正理踩扰不定,劳民，正理踩扰不定,未知,未知,混合形态或超自然生物,南,未知
句芒,方面素服,未知,山东省;江苏省;浙江省,木神也;方面素服,木神，方面素服,赐寿,木神,未知,未知,未知
奢比尸神,兽身人面，大耳，耳上挂着两条青蛇,大人国的北边,山东省,奢比尸神在它（大人国）的北边，兽的身子，人的脸，大耳和全，耳洒上挂着两条青蛇,奢比尸神位于大人国北边，兽身人面，耳挂青蛇,未知,未知,混合形态或超自然生物,北,海外经
双重虹,每道虹都有两头脑袋,君子国的北边,山东省,双重虹在它（君子国）的北边，每道虹都有两头脑袋,双重虹位于君子国北边，每道虹有两头,未知,未知,超自然生物,北,海外经
黑齿国人,牙齿漆黑，身旁有红蛇和青蛇,黑齿国,福建省;广东省,这里的人牙齿漆黑，吃稻米饭，拿蛇作菜肴。一条红蛇和一条青蛇在他的身旁,黑齿国人牙齿黑，以蛇为食,使唤蛇,蛇的掌控者,人类,东,海外东经
雨师妾国人,通身黑色，两手各握一条蛇，耳挂青蛇和红蛇,雨师妾国,四川省;云南省,这地方的人通身是黑的，两只手各握住一条蛇，左边耳朵上挂有青蛇，右边耳朵上挂有红蛇,雨师妾国人全身黑，操控蛇,操控蛇,蛇的掌控者,人类,东,海外东经
玄股国人,大腿以下全黑，穿鱼皮衣,玄股国,黑龙江省;吉林省,这里的人大腿以下全是黑的，他们拿鱼皮做衣服，拿芍鸟做,玄股国人腿黑，穿鱼皮衣,不详,海洋生活,人类,东,海外东经
两脑袋鸟,两个脑袋的鸟,劳民国,山东省;江苏省,这里产有一种两个脑袋的鸟,劳民国产有两个脑袋的鸟,未知,未知,鸟类,未知,海内经
帘腐龙,状如龙首,弱水中,甘肃省,帘腐龙首，居弱水中,帘腐龙首居住在弱水中,食人,凶猛,混合形态或超自然生物,西,山经
建木,其状如牛，引之有皮，若组、黄蛇,弱水局上,甘肃省,有木，其状如牛，引之有皮，若组、黄蛇,有一种树，形状像牛，树皮像组、黄蛇,无,神秘,混合形态或超自然生物,西,山经
氏人国,人面而鱼身，无足,建森西,福建省;江西省,氏人国在建森西，其为人人面而鱼身，无足,氏人国在建森西，人面鱼身，无足,无,神秘,混合形态或超自然生物,西,山经
巴蛇,青黄赤黑,犀牛西,四川省;云南省,巴蛇食象，三岁而出其骨,巴蛇吃象，三年后吐出骨头,食象;吐骨,凶猛,爬行与蛇类,西,山经
旋马,状如马，四节有毛,巴蛇西北，高山南,湖南省;湖北省,旋马，其状如马，四节有毛,旋马形状像马，四节有毛,无,神秘,兽类,西,山经
雕题国,面部点涅，身体画有鳞采,正西,青海省,"点涅其面, 画体为鳞采, 即饼人也",面部点涅，身体画有鳞采,无,象征雕画其颌,混合形态或超自然生物,西,海内经
胸国,未详,北户,山西省;河北省,胸音僵; 未详,未详,无,象征北户,混合形态或超自然生物,北,海内经
泉阳国,其状如和人,未知,甘肃省;山东省,其为人: 郭注《和尔雅》狂卯引此经作其状如和人,其状如和人,见人笑亦笑,象征山精,混合形态或超自然生物,未知,海内经
课羊,大口,未知,四川省;云南省,"课羊善食人, 大口, 其初得人, 喜笑, 则层上覆僻, 移时而后食之","课羊善食人, 大口",善食人; 喜笑,象征食人兽,兽类,未知,海内经
苍梧之山,九疑山,南苍方梧之丘，苍梧之渊,湖南零陵,南苍方梧之丘，苍梧之渊，其中有九疑山,南方苍梧山，有九疑山,无,神话传说之地,混合形态或超自然生物,南,海内经
丹朱,无具体描述,丹阳,湖北省,帝丹朱项于阴：郭策云：今丹阳复有丹朱家也,丹朱葬于丹阳,无,神话人物,混合形态或超自然生物,未知,海内经
孟涂,未知,巴地,四川省,是司神于巴，听其狱讼，为之神主,在巴地担任神职，听讼断案,断狱讼;执衣有血者,公正与审判,混合形态或超自然生物,西南,山经
守皇,蛇身人面,丹山之西,巫山,"守皇,本蛇身人面，为融负臣所杀,复化而成此物也。",守皇原本是蛇身人面，被融负臣杀死后化为这种生物。,化形,复仇与转化,混合形态或超自然生物,西,海内经
狐和葵,状如狗，龙首,南海之外,广东省;广西壮族自治区;海南省,南海之外，有狐和葵，状如狗，龙首，食人。,南海之外有一种叫狐和葵的生物，形状像狗，有龙头，吃人。,食人,危险与凶猛,混合形态或超自然生物,南,海内经
芝草树,或如车马，或如龙蛇之状,未知,青海省,芝草树生，或如车马，或如龙蛇之状。,芝草树生长时，形状像车马或龙蛇。,形态变化,神奇与变化,混合形态或超自然生物,未知,未知
弱水,鸿毛不能起,昆仑,青海省,"天下之弱者，有昆仑之弱水焉, 鸿毛不能起也",昆仑山的弱水，连鸿毛都浮不起来,无法承载任何物体,极弱之水,混合形态或超自然生物,西,海内经
黑蛇,青首，食象,巴遂山,四川省,有黑蛇，青首，食象,有黑蛇，青头，吃象,食象,力量与吞噬,爬行与蛇类,未知,海内经
匈奴,未知,西北,蒙古高原,匈奴、开题之国、列人之国并在西北,匈奴、开题国、列人国都在西北,未知,游牧与战争,混合形态或超自然生物,西北,海内北经
柏虑,人面，长嘴唇，鸭黑身子，浑身是毛，足跟倒转,海内南经泉阳国,广东省;广西壮族自治区;海南省,这里的人都是人的脸，长嘴唇，鸭黑的身子，浑身是毛，足跟是倒转生的，一见人就张开嘴哈哈大笑;左手握着一只竹简,人面长唇，黑身多毛，足跟倒转，见人笑,见人笑;左手握竹简,未知,混合形态或超自然生物,南,海内经
狂锤,形状像猪，人面,用葬所的西边,青海省;四川省;云南省,狂锤，知道人的姓名，它的形状像猪，却有着一张人样的脸,猪形人面，知人名,知道人的姓名,未知,混合形态或超自然生物,西,未知
窗失,形状像狗，龙的脑袋,弱水里面,甘肃省;青海省,窗失居住在弱水里面，在狂狂的西边。它的形状像狗，龙的脑袋，会吃人,狗形龙首，食人,吃人,凶兽;食人,混合形态或超自然生物,西,未知
备鸟,鸟文赤、黄、青，东乡,腹国东北,辽宁省;吉林省;黑龙江省,备鸟在腹国东北。其鸟文赤、黄、青，东乡,备鸟羽毛赤黄青，位于腹国东北,无,无,鸟类,东北,海内西经
鸡鼓,草类植物,未知,河南省,鸡鼓，即上鸡谷草;谷、鼓声相近。,鸡鼓是一种草类植物。,无,无,未知,未知,未知
汗齿,齿如羡，长五六尺，持盾,畴华之野,内蒙古自治区;甘肃省,尧万使界诛籼齿于畴华之野,尧派界诛杀汗齿于畴华之野,持盾;齿长五六尺,凶猛异兽,混合形态或超自然生物,南,山经
九婴,未知,凶水之上,山西省;陕西省;甘肃省,杀九婴于凶水之上,在凶水之上杀死九婴,未知,凶猛异兽,混合形态或超自然生物,未知,山经
大风,未知,未知,江苏省,大风、封至、修蛇皆为害,大风、封至、修蛇都是祸害,未知,凶猛异兽,混合形态或超自然生物,未知,山经
封至,未知,未知,未知,大风、封至、修蛇皆为害,大风、封至、修蛇都是祸害,未知,凶猛异兽,混合形态或超自然生物,未知,山经
修蛇,未知,润庭,湖南省,断修蛇于润庭,在润庭斩杀修蛇,未知,凶猛异兽,爬行与蛇类,未知,山经
三头人,一身三首,服常树,山东省,服常树，其上有三头人，伺琅环树,服常树上有三头人，守护琅环树,未知,神秘守护者,混合形态或超自然生物,未知,海内西经
长璧国,手下垂至地,长璧国,吉林省;山东省,其人手下垂至地。,长璧国人的手垂到地面。,无,长臂人,混合形态或超自然生物,南,海外经
鸱鸟、角鸟,青黄色，所经国亡,女祭北,河北省;山西省,鸱鸟、角鸟，色其青黄，所经国亡。在女祭北。,鸱鸟、角鸟，青黄色，所经国亡。,不详,不详,鸟类,北,山经
鸾鸟、凤鸟,鸾鸟自歌，凤鸟自舞,轩辕国北,河北省;山西省;内蒙古自治区,鸾鸟自歌，凤鸟自舞;凤皇卵，民食之;甘露，民饮之。,鸾鸟唱歌，凤鸟跳舞;凤皇卵可食，甘露可饮。,不详,祥瑞象征,鸟类,北,山经
一臂民,半体之人，各有一目、一鼻孔、一臂、一脚,西南方,四川省;云南省;贵州省,其肪、一臂之乡。北方有比肩民硕，和食而迭望。,半体之人，各有一目、一鼻孔、一臂、一脚。,无,半体之人,混合形态或超自然生物,西南,海外经
丈夫民,食木实，衣木皮,丈夫国,陕西省;河南省,食木实，衣木皮，终身无麦，而生二子,吃树果，穿树皮，终身无麦，生二子,不详,不详,混合形态或超自然生物,西,大荒西经
两头蛇,两头,和尔雅·释地,湖南省;江西省,弩纺蛇即两头蛇也,两头蛇,无,神话化的异形之物,爬行与蛇类,未知,未知
伏羲,人面蛇身,轩辕之丘,河南省;陕西省,古天神多为人面蛇身，举其著者，如伏羲、女娲、共工、相柳、刘腐、贰负等,古代天神多为蛇身人面,无,古代天神,混合形态或超自然生物,西,山经
女娲,人面蛇身,轩辕之丘,河南省,古天神多为人面蛇身，举其著者，如伏羲、女娲、共工、相柳、刘腐、贰负等,古代天神多为蛇身人面,无,古代天神,混合形态或超自然生物,西,山经
刘腐,人面蛇身,轩辕之丘,河南省;陕西省,古天神多为人面蛇身，举其著者，如伏羲、女娲、共工、相柳、刘腐、贰负等,古代天神多为蛇身人面,无,古代天神,混合形态或超自然生物,西,山经
贰负,人面蛇身,轩辕之丘,青海省,古天神多为人面蛇身，举其著者，如伏羲、女娲、共工、相柳、刘腐、贰负等,古代天神多为蛇身人面,无,古代天神,混合形态或超自然生物,西,山经
雷神,龙身人头,轩辕之丘,河南省;陕西省,或龙身人头，如雷神、烛龙、鼓等,龙身人头的神,无,古代天神,混合形态或超自然生物,西,山经
六首树乌,身黄，赤足，六首,大荒西经,青海省;甘肃省;四川省,有青岛，身黄，赤足，六首，名目乌,有六首的黄色鸟，赤足,六首,未知,鸟类,西,大荒经
量,大蛇,未知,山东省,量，大蛇也,量是一种大蛇,未知,未知,爬行与蛇类,未知,未知
乌秩树,木名，未详,未知,湖南省;贵州省,乌秩树，木名，未详,乌秩树是一种树木，具体不详,未知,未知,未知,未知,未知
诵鸟,鸟名，形未详,未知,未知,诵鸟，鸟名，形未详,诵鸟是一种鸟，外形不详,未知,未知,鸟类,未知,未知
青雕,有雕也,西次三经,青海省,有雕也,有青雕,未知,未知,鸟类,西,山经
危,未知,疏属山,陕西省;甘肃省,危和起负伙同把一个名叫谋罕的天神杀害了,危和起负一起杀害了天神谋罕,未知,未知,未知,未知,未知
雁门山,群雁春去秋来,高柳山北边,山西省,雁门山，群雁春去秋来，都要进出其间,雁门山是群雁迁徙的必经之地,未知,季节更替;迁徙象征,未知,北,山经
高柳山,未知,代地北边,河北省;山西省,高柳山在代地的北边,高柳山位于代地北边,未知,未知,未知,北,山经
后稳,有山和水环绕,氏人国西边,青海省;四川省,后稳的莫所，有山和水环绕着它,后稳的居所被山水环绕,未知,未知,未知,西,未知
流黄娜氏国,方圆大约三百里，有道路通四方,后稳匡所,云南省;四川省,流黄娜氏国，又叫流黄辛氏国，方圆大约三百里，有道路通四方,流黄娜氏国方圆三百里，道路四通八达,未知,未知,未知,未知,未知
凤凰,头上顶着蛇，足下踩着蛇，胸前挂着红屹,昆仑山,昆仑山脉,"开明 兽 的 西边 有 凤凰 和 弯 鸟 ,它们 的 头 上 都 顶 着 蛇 ， 足 下 踩 着 蛇 ， 胸 且 上 挂 着 红 屹",凤凰头上顶着蛇，足下踩着蛇，胸前挂着红屹,无,祥瑞之鸟,鸟类,西,海内西经
离朱乌,无具体描述,昆仑山,昆仑山脉,还 有 离 朱 乌,还有离朱乌,无,无,鸟类,北,海内西经
树乌,长着六个脑袋,昆仑山,昆仑山脉,开明 兽 的 南边 有 树 乌 一 一 或 者 又 叫 园 乌 ， 长 着 六 个 脑袋,开明兽的南边有树乌，长着六个脑袋,无,无,鸟类,南,海内西经
寞谋,蛇的身子，人的脸,昆仑山,昆仑山脉,寞 谋 这 位 天 神 ， 是 蛇 的 身子 ， 人 的 脸,寞谋是蛇身人面的天神,无,天神,混合形态或超自然生物,未知,海内西经
三青鸟,无具体描述,昆仑山,昆仑山脉,其 南 有 三 青鸟 ， 为 西 王 母 取 食,西王母南边有三青鸟，为她取食,无,无,鸟类,南,海内北经
大行伯,无具体描述,昆仑山,昆仑山脉,有 人 日 大 行 伯,有人名叫大行伯,无,无,混合形态或超自然生物,北,海内北经
犬封国,状如犬,犬封国,青海省,犬封国日犬戎国，状如犬,犬封国的人像狗,无,象征犬戎族,混合形态或超自然生物,东,海外经
吉量,编身朱央，目若黄金,犬封国,青海省;甘肃省,有文马与，编身朱央，目若黄金，名目吉量，乘之寿千岁,吉量马，骑它能活千岁,乘之寿千岁,象征长寿,兽类,东,海外经
鬼国,人面而一目,鬼国,陕西省;甘肃省,鬼国在起负之尸北，为物人面而一目,鬼国的人脸上一只眼,无,象征鬼怪,混合形态或超自然生物,北,海外经
吉负神,人面蛇身,吉负神,未知,一上吉负神在其东，为物人面蛇身,吉负神是人面蛇身,无,象征神灵,混合形态或超自然生物,东,海外经
几犬,如犬，青色,几犬,未知,几犬如犬，青色，食人从首始,几犬像狗，青色，吃人从头开始,食人,象征凶兽,兽类,北,海外经
大蜂,其状如筷,大蜂,未知,大蜂，其状如筷,大蜂形状像筷子,无,象征昆虫,混合形态或超自然生物,东,海外经
朱蛾,其状如蛾,朱蛾,四川省;云南省,朱蛾，其状如蛾,朱蛾形状像蛾,无,象征昆虫,混合形态或超自然生物,东,海外经
蜂,其为人虎文，肥有管,蜂,未知,蜂，其为人虎文，肥有管,蜂是人形，有虎纹，肥胖有管,无,象征昆虫,混合形态或超自然生物,东,海外经
阅非,人面而兽身，青色,阅非,未知,阅非，人面而兽身，青色,阅非是人面兽身，青色,无,象征怪物,混合形态或超自然生物,未知,海外经
据比之尸,其为人折颈被发，无一手,据比之尸,青海省;山东省,据比之尸，其为人折颈被发，无一手,据比之尸是折颈披发，少一只手,无,象征死亡,混合形态或超自然生物,未知,海外经
环狗,其为人兽首人身,环狗,未知,环狗，其为人兽首人身,环狗是兽头人身,无,象征怪物,混合形态或超自然生物,未知,海外经
袜,其为人身黑首从目,袜,未知,袜，其为人身黑首从目,袜是人身黑头，眼睛竖着,无,象征怪物,混合形态或超自然生物,未知,海外经
戎局,其为人人首三角,戎局,未知,戎局，其为人人首三角,戎局是人头三角,无,象征怪物,混合形态或超自然生物,未知,海外经
骆,大若虎，五采毕具，尾长于身,林氏国,河南省;山东省,林氏国有珍兽，大若虎，五采毕具，尾长于身，名目骆,林氏国有珍兽骆，像虎，五彩，尾长,乘之日行千里,象征神兽,兽类,南,海外经
冰夷,人面，乘两龙,从极之渊,黑龙江省,冰夷人面，乘两龙,冰夷是人面，骑两龙,乘两龙,象征水神,混合形态或超自然生物,未知,海外经
青鸟,赤首黑目,三危之山,甘肃省,有三青岛，赤首黑目，一名大笋，一名少笋，一名青岛,有三只青鸟，红头黑眼，分别叫大笋、少笋和青岛,善飞;为西王母取食,西王母使;者吉祥之,鸟类,西,西次三经
三足鸟,未知,未知,未知,又有三足鸟主给使,还有三足鸟负责供使,未知,未知,鸟类,未知,未知
三足乌,三足乌鸦,西王母居所,青海省,有三足神乌，为西王母取食,三足乌鸦为西王母取食,为西王母取食,神使,鸟类,西,海内经
贰负之臣,被反缚两手，系于山上木,朴属之山,山西省,反缚两手，系之山上木,贰负之臣被反缚于山上,无,受罚者,混合形态或超自然生物,西,海内经
白犬,白犬二头,大荒北,内蒙古自治区;黑龙江省,黄帝之后卞明生白犬二头，自相牝牡，遂为此国,白犬自相繁衍，形成狗国,自相繁衍,神话起源,兽类,北,大荒经
诸比,折颈被发，无一手,凉风之所生,青海省;甘肃省,诸比，凉风之所生也。高诱注：诸比，天神也。,诸比是天神，生于凉风之地。,天神;战斗,战斗与牺牲,混合形态或超自然生物,未知,未知
戎,人首三角,未知,甘肃省;陕西省,戎，其为人人首三角,戎是人首三角的生物。,未知,神秘与力量,混合形态或超自然生物,未知,未知
林氏国,未知,未知,青海省,昔有林氏召离戎之君而朝之,林氏国曾召离戎之君朝见。,政治权力;争权,权力与灭亡,未知,未知,未知
骆吾,耳如虎，尾长于身，食虎豹,昆仑虚南,青海省,夹林疯耳，耳着若虎，尾参于身，食虎豹,骆吾耳如虎，尾长于身，食虎豹,食虎豹,凶猛,兽类,南,山经
河伯,人面鱼身，乘两龙,阳汪之山、凌门之山,青海省;山西省;山东省,河伯人面，乘两龙。又曙人面鱼身。,河伯是人面鱼身，乘两龙。,乘两龙;掌控河水,水神,混合形态或超自然生物,未知,山经
王亥,尸分为八，合于'效有二首六身',未知,河南省,王亥惨杀改，系尸分为八，合于'效有二首六身',王亥被杀后，尸体被分成八部分,无,古代民间传说,混合形态或超自然生物,未知,未知
登比氏,未知,未知,山东省;云南省,妻之以媳，腾之以娥,登比氏是娥旦、女英之一,无,古代妃子,混合形态或超自然生物,未知,海内经
消明、烛光,二女，以能光照,河大泽,河南省;山东省,二女之灵能照此所方百里,二女神光能照亮方圆百里,光照,光明女神,混合形态或超自然生物,未知,海内经
盖国,未知,盖马大山之东,朝鲜半岛,东沃诅在高句丽盖马大山之东,盖国位于盖马大山之东,无,古代国家,混合形态或超自然生物,东,海内经
倭,以女为主，露纷，衣服无针功，以丹朱涂身,带方东大海内,日本,倭国在带方东大海内，以女为主,倭国位于带方东大海内，以女性为主,无,古代国家,混合形态或超自然生物,东,海内经
三青乌,猛勇劲健、多力善飞,昆仑山北方,青海省,南边有三只猛勇劲健、多力善飞的青岛，正在四下里为西王母现取食物,三青乌为西王母取食,多力善飞,忠诚,鸟类,北,海内经
蜂犬,形状像犬，浑身青色,昆仑虚北边,青海省,蜂犬的形状像犬，浑身青色，吃人从脑袋开始,蜂犬外形像狗，青色，吃人从头开始,吃人,凶恶,兽类,北,山经
红蚂蚁,形状像普通蚂蚁，身体大得像象,昆仑虚北边,青海省,红蚂蚁，形状像普通的蚂蚁，可是身体大得像象,红蚂蚁外形像蚂蚁，体型巨大,未知,巨大,混合形态或超自然生物,北,山经
蠕,人身上有老虎斑纹，足上有健劲的筋,穷奇的东边,青海省;甘肃省,蠕，这种人身上有着老虎的斑纹，足上有健劲的筋,蠕外形像人，有虎纹，足筋强健,未知,强壮,混合形态或超自然生物,东,山经
阐非,人的脸，兽的身子，浑身青色,昆仑虚北边,青海省,阐非，人的脸，兽的身子，浑身青色,阐非人面兽身，青色,未知,神秘,混合形态或超自然生物,北,山经
据比尸,折断颈子，披散头发，没有手,昆仑虚北边,青海省,据比尸，模样是折断了颈子，披散着头发，连一只手也没有,据比尸颈折发散，无手,未知,恐怖,混合形态或超自然生物,北,山经
藉,人的脑袋，头上生有三只角,海内北经,辽宁省;河北省;山东省,藉，这种人长着人的脑袋，头上生有三只角,藉人形头，三只角,未知,神秘,混合形态或超自然生物,北,海内经
骆者,老虎大小，五种颜色，尾巴比身子长,林氏国,河南省;陕西省,林氏国产有一种珍奇的兽，有老虎那么大，五种颜色俱备，尾巴比身子还长,骆者虎大小，五色，长尾,日行千里,神速,兽类,未知,海内经
王子夜的尸像,两只手、两条腿、胸和脑袋被斩断分裂,未知,河北省;辽宁省,王子夜的尸像，是两只手、两条腿、胸和脑袋都被斩断分裂开来,王子夜的尸像被斩断分裂,无,悲剧与死亡,混合形态或超自然生物,未知,未知
宵明和烛光,神女，灵光能照耀方圆百里,河水旁边的大泽中,河南省;山东省,宵明和烛光两个女儿，居住在河水旁边的大泽中，两位神女的灵光能照耀这里方圆百里的地方,宵明和烛光是神女，灵光照耀百里,灵光照耀,光明与希望,混合形态或超自然生物,中,未知
韩雁,不详,海中，都州南,广东省;海南省,韩雁在 海中 ， 都 州 南,韩雁生活在海中，位于都州南,不详,不详,鸟类,南,海内经
始鸠,不详,海中，辕厉南,海南省;台湾省,始鸠在 海中 ， 辕 厉 南,始鸠生活在海中，位于辕厉南,不详,不详,鸟类,南,海内经
大尾羊,尾大如驴尾，重十斤,月支国,中亚地区,月支国多好马、美果，有大尾羊如驴尾，即减羊也,月支国盛产好马和美味水果，有大尾羊，尾巴像驴尾,尾重十斤;割之供食，寻生如故,丰饶与再生,兽类,西北,海内经
白玉山,山体呈白色，似玉,赤水西,四川省;云南省,赤水西有白玉山，白玉山西有西王母,赤水西有白玉山，山以西是西王母的领地,无,神秘与仙境,混合形态或超自然生物,西,海内经
辕厉,未明确描述,未知,未知,辕厉即韩胁也;辕、韩声近，雁、属字相似,辕厉可能是韩雁的别称,未知,象征韩雁,混合形态或超自然生物,未知,未知
犁禹之尸,人面兽身,大荒之中,青海省,有神，人面兽身，名日犁禹之尸,有神，人面兽身，名为犁禹之尸,未知,神秘神灵,混合形态或超自然生物,东,大荒经
大人,巨大体型,波谷山,未知,有波谷山者，有大人之国,波谷山上有大人国,未知,巨人族,兽类,东,大荒经
靖人,小人,小人国,山东省,有小人国，名靖人,有小人国，名为靖人,未知,矮人族,兽类,东,大荒经
中容,未知,合虚山,河南省;陕西省,有中容之国。帝俊生中容,有中容国，帝俊生中容,食兽、木实;使四鸟,帝俊后裔,兽类,东,大荒经
司幽,未知,司幽之国,河北省;北京市;辽宁省,有司幽之国。帝俊生曼龙，曼龙生司幽,有司幽国，帝俊生曼龙，曼龙生司幽,未知,神秘部族,兽类,东,大荒经
白民,未知,白民之国,山东省,有白民之国。帝俊生帝鸿，帝鸿生白民，白民销姓，么食，使四鸟: 虎、豹、熊、黑,有白民之国。帝俊生帝鸿，帝鸿生白民，白民销姓，么食，使四鸟: 虎、豹、熊、黑,使四鸟: 虎、豹、熊、黑,未知,未知,西,未知
黑齿,未知,黑此之国,山东省,帝俊生黑齿，姜姓，乘食，使四鸟,帝俊生黑齿，姜姓，乘食，使四鸟,使四鸟,未知,未知,北,未知
摇民,未知,未知,青海省;山东省;山西省,"有易潜出, 为国于兽, 方食之, 名上日摇民","有易潜出, 为国于兽, 方食之, 名叫摇民",未知,未知,未知,未知,未知
女丑,有大狠,海内,山东省;江苏省;浙江省,海内有两人，名昌女丑局。女丑有大狠,海内有两人，名叫女丑。女丑有大狠,未知,未知,未知,未知,海内经
五采之鸟,羽毛五彩斑斓,大荒之中,山西省;青海省,有五采之鸟，相乡弃沙。惟帝俊下友。帝下两坛，采鸟是司。,五彩鸟在帝俊的祭坛上担任司仪。,司仪;象征吉祥,吉祥与祥瑞,鸟类,中,大荒经
应龙,无具体描述,南极,海南省,应龙处南极，杀蚩尤与夸父，不得复上，故下数旱。旱而为应龙之状，乃得大雨。,应龙在南极，杀蚩尤与夸父后无法返回天上，导致干旱。,控制雨水;杀敌,力量与雨水,混合形态或超自然生物,南,大荒经
夔,状如牛，苍身无角，一足,东海流波山,东海,其上有兽，状如牛，苍身而无角，一足，出入水则必风雨，其光如日月，其声如雷，其名曰夔。,夔兽形如牛，一足，出入水时带来风雨。,控制风雨;发出雷声,自然力量,兽类,东,海内经
少昊,以鸟名官，百官实皆鸟也,东海,江苏省;浙江省;福建省,少昊之国，以鸟名官，百官实皆鸟也,少昊的国家，用鸟来命名官职，百官都是鸟,以鸟名官;育养帝颛顼,鸟的象征,混合形态或超自然生物,东,海外经
皮母地丘,山名,东方,山东省,有山，名皮母地丘,有一座山，名叫皮母地丘,无,无,无,东,海外经
大言,山名,未知,山东省;江苏省,有山名日大言,有一座山名叫大言,无,无,未知,未知,未知
犁吏之尸,形似龙,未知,未知,需，龙也,形似龙的尸体,形似龙,象征龙的力量,混合形态或超自然生物,未知,未知
帝俊,未具体描述外貌,大荒东经,山东省,帝俊生中容,帝俊生中容,生中容;使四鸟,帝王象征,混合形态或超自然生物,东,大荒经
独子之国,衣冠带剑,海外东经,山东省,独子之国，其人衣冠带剑,独子国的人穿衣服带剑,役使虎鹏,好谦让,混合形态或超自然生物,东,海外经
折丹,神人,鞠陵于天山,新疆维吾尔自治区,名百折丹：郭瑛云：神人,折丹是神人,掌管风,风神,混合形态或超自然生物,东,大荒东经
仆牛,无具体外貌描述,大荒东经,山东省;江苏省;浙江省,仆牛，驯牛也,仆牛是驯养的牛,驯养,驯养与农耕,兽类,东,大荒经
有易,无具体外貌描述,大荒东经,山东省,有易杀王亥，取仆牛,有易杀王亥，夺取仆牛,战斗;化民,战争与转化,混合形态或超自然生物,东,大荒经
大蟹,巨大蟹类，三千里大,海内北经,山东省;河北省;辽宁省,女丑有大蟹……三千里也,大蟹巨大，三千里,巨大体型,巨大与神秘,鱼类与水生生物,北,海内经
扶木,高大树木，叶如芥菜,汤谷,山东省,汤谷上有扶木……柱三百里，其叶如芥,扶木高大，叶如芥菜,支撑天地,天地支柱,混合形态或超自然生物,东,海外经
五采鸟,五彩羽毛，形似凤凰,大荒西经,青海省;四川省,五有采鸟三名，一日皇鸟，一日弯鸟，一日凤岛,五彩鸟有三种，分别是皇鸟、弯鸟和凤岛,自歌;自舞,吉祥与美好,鸟类,西,大荒经
狂天苏门山,日月所出之山,大荒西经,青海省,狂天苏门山，为日月所出山之五也,狂天苏门山是日月升起的地方,无,日月起源之地,无,西,大荒经
二民之国,未知,大荒西经,青海省;四川省,有二民之国，郭瑞云：音如喧哗之喧,有二民之国，发音像喧哗,无,未知,无,西,大荒经
基山,未知,大荒西经,甘肃省;青海省,有基山，郭瑛云：音鼠,有基山，发音像鼠,无,未知,无,西,大荒经
柄山,未知,大荒西经,青海省;四川省;云南省,有柄山，郭瑞云：音如釜额之曙,有柄山，发音像釜额,无,未知,无,西,大荒经
歼明俊疾山,日月所出之山,大荒西经,青海省;四川省,有山名目歼明俊疾山，为日月所出,歼明俊疾山是日月升起的地方,无,日月起源之地,无,西,大荒经
石夷,人目石夷,西北隅,青海省,有石夷，处西北隅以司日月之长短,石夷位于西北角，管理日月的长短,司日月之长短,时间与秩序,混合形态或超自然生物,西北,山经
殴,如龙，一足，有角，人面,未知,青海省;云南省,如龙，一足，从允，象有角手人面之形,像龙，一只脚，有角，人面,见则其邑大旱,干旱之兆,混合形态或超自然生物,未知,未知
雷兽,人面龙身，鼓其腹,未知,山西省;青海省;山东省,雷兽即雷神也，人面龙身，鼓其腹者,雷兽是雷神，人面龙身，鼓腹,声闻五百里;威天下,雷神,混合形态或超自然生物,未知,海外东经
山绢,人面猴身，能言,未知,未知,人面猴身能言,人面猴身，能说话,能言,山怪,混合形态或超自然生物,未知,未知
甘山,山,甘水发源,甘肃省,甘水发源在这座山,甘水发源于此山,无,水源之地,未知,未知,未知
犁融尸,人脸，兽身,波谷山,山东省;河北省,有一个神，人的脸，兽的身子，名叫犁融尸。,神有人脸兽身，名为犁融尸。,未知,未知,混合形态或超自然生物,未知,大荒经
遇躲,人的脸，鸟的身子，耳朵上挂着两条黄蛇，足踩下着两条黄蛇,东海的海吕上,山东省;江苏省;浙江省,东海的 海 吕 上 ， 有 一 个 神 ， 人 的 脸 ， 乌 的 身子 ， 耳 条 上 挂 着 两 条 黄 蛇 ， 足踩下着 两 条 黄 蛇 ， 名 字 叫 做 遇 躲,遇躲是东海的神，人面鸟身，耳挂黄蛇,未知,未知,混合形态或超自然生物,东,大荒经
五彩鸟,五彩羽毛的鸟,婆沟,青海省;四川省;云南省,有一群五彩羽毛的鸟，正成双作对地在婆沟起舞,五彩鸟在婆沟成对起舞,管理祠坛,吉祥,鸟类,未知,山经
双双双,三青兽相并,南海之外，赤水之西，流沙之东,四川省;云南省,有三青兽相并，名目双双,三只青色兽相并，名为双双,未知,未知,兽类,南,大荒经
玄蛇,黑色蛇,黑水之南,四川省;云南省,黑水之南，有玄蛇，食座,黑水南边有黑色蛇，食座,未知,未知,爬行与蛇类,南,大荒经
三身之国,人三身,大荒之中,青海省;四川省,有人三身，帝俊麦娥皇，生此三身之国,有三身之人，帝俊与娥皇生三身之国,未知,未知,混合形态或超自然生物,中,大荒经
羽民之国,其民皆生毛羽,大荒之中,青海省;甘肃省,有羽民之国，其民皆生毛羽,羽民之国的居民全身长满羽毛,飞行,自由飞翔,混合形态或超自然生物,中,大荒经
卵民之国,其民皆生卵,大荒之中,青海省;甘肃省,有卵民之国，其民皆生卵,卵民之国的居民以卵为生,卵生繁殖,生命起源,混合形态或超自然生物,中,大荒经
不廷胡余,人面，理两青蛇，践两赤蛇,南海诸中,广东省;海南省;广西壮族自治区,有神，人面，理两青蛇，践两赤蛇，日不廷胡余,不廷胡余神人面，驾驭青蛇和赤蛇,驾驭蛇类,神力象征,混合形态或超自然生物,南,海内经
季厘之国,有人食兽,大荒之中,青海省,有人食兽，上昌季厘。帝俊生季厘，故目季厘之国,季厘之国的居民以兽为食,食兽,力量与野性,兽类,中,大荒经
贼人,有人方择号，射黄蛇,大荒之中,青海省;四川省;云南省,有人方择号，射黄蛇，名日贼人,贼人以射黄蛇为生,射箭,狩猎与生存,混合形态或超自然生物,中,大荒经
育蛇,赤蛇,宋山,河南省,有宋山者，有赤蛇，名目育蛇,宋山上有赤蛇，名为育蛇,未知,神秘与危险,爬行与蛇类,未知,山经
祖状之尸,方齿虎尾,殉涂之山,安徽省,有人方齿虎尾，名目祖状之尸,有一个人，方齿虎尾，名叫祖状之尸,未知,战争预警;凶险之兆,混合形态或超自然生物,南,大荒经
焦侥之国,小人,殉涂之山,云南省;贵州省;四川省,有小人，名目焦侥之国,有小人，名叫焦侥之国,未知,未知,混合形态或超自然生物,南,大荒经
张弘,鸟喉,海上,未知,有人名目张弘，在海上捕鱼,有一个人，名叫张弘，在海上捕鱼,捕鱼,捕鱼能手;海上生活,混合形态或超自然生物,未知,大荒经
允头,双头人面鸟喉,大荒之中,青海省;甘肃省,有人名目允头，双头人面鸟喉,有一个人，名叫允头，双头人面鸟喉,食海中鱼;杖翼而行,未知,混合形态或超自然生物,南,大荒经
义和,女子,甘水之间,甘肃省,有女子名上义和，方日浴于甘渊,有女子名叫义和，正在甘渊中沐浴,生十日,太阳之母,混合形态或超自然生物,东南,大荒经
三雅,赤马,盖犹之山,云南省;四川省,有赤马，名日三雅,有赤马，名叫三雅,未知,未知,兽类,东,大荒经
四菌人,小人,南类之山,云南省;贵州省;广西壮族自治区,有小人，名四菌人。,有一种小人，名叫四菌人。,无,未知,混合形态或超自然生物,南,山经
双双,一身二首，尾有肉雄,未知,未知,双双之鸟，一身二首;尾有肉雄，随便而偶;常不离散。,双双这种鸟，一身有两个头，尾巴有肉雄，随便配对，常不分离。,无,象征伴侣,鸟类,未知,未知
三青马,未知,未知,未知,三青马,三匹青色的马,无,未知,兽类,未知,大荒东经
三牙,未知,未知,青海省;山东省,三牙,三颗牙齿,无,未知,未知,未知,大荒东经
叔均,无具体外貌描述,九疑山,湖南省宁远县,叔均，商均也。玫巡狩，死于营梧而芋之，商均因留，死亦匡融。基在今九疑之中。,叔均是商均，死于营梧，葬于九疑山。,无特殊能力描述,舜的后裔,混合形态或超自然生物,南,海内经
文贝,紫贝，以紫为质，黑为文点,无具体地理位置,未知,即紫贝也。今之紫贝，以紫为质，黑为文点。,文贝即紫贝，紫色为底，黑色斑点。,无特殊能力描述,海洋珍宝,鱼类与水生生物,未知,未知
离俞,即离朱,狱山,台湾省,即离朱。离朱已见《海外南经》狱山。,离俞即离朱，见于狱山。,无特殊能力描述,神话中的神鸟,鸟类,南,海外南经
及久,即何网,狄山,山西省;河北省,即何网也。及久已见《海外南经》狄山。,及久即何网，见于狄山。,无特殊能力描述,神话中的生物,混合形态或超自然生物,南,海外南经
鹰、贾,贾亦应属，乌类,无具体地理位置,未知,贾亦应属。贾，乌。和皆乌类。,贾属于乌类。,无特殊能力描述,神话中的鸟类,鸟类,未知,未知
委维,即委蛇,南方苗民之地,贵州省;湖南省;云南省,即委蛇也。委维即《海内经》所记南方苗民之神延维。,委维即委蛇，南方苗民的神。,无特殊能力描述,苗民的神灵,混合形态或超自然生物,南,海内经
娥皇,女性形象,三身之国,湖南省;湖北省,"娥皇, 生此三身之国",娥皇，生在三身之国,生育能力,后裔所出,混合形态或超自然生物,未知,海内经
羽民,卵生，有羽毛,海外南经,广东省;广西壮族自治区;海南省,有羽民之国，其民蕴生卵,羽民国的人卵生,卵生,象征卵生民族,混合形态或超自然生物,南,海外经
卵民,卵生,大荒经,未知,有卵民之国，其民蕴生卵,卵民国的人卵生,卵生,象征卵生民族,混合形态或超自然生物,未知,大荒经
凿齿,人形，牙齿如凿,海外南经,广东省;广西壮族自治区;海南省,有人目凿齿，界杀之,有人名叫凿齿，被后羿射杀,无特殊能力描述,象征凶恶,混合形态或超自然生物,南,海外经
蛾,似鳖，含沙射人,虹山,内蒙古自治区,蛾，短狐也;似鳖，含沙射人，中之则病死,蛾是一种短狐，像鳖，含沙射人，被射中会病死,含沙射人;使人病死,象征灾祸,混合形态或超自然生物,未知,山经
蚩尤,无具体描述,枫木,河南省;山西省,蚩尤为黄帝所得，械而杀之，已摘弃其械，化,蚩尤被黄帝抓住，用刑具杀死，刑具被丢弃后化,无特殊能力描述,象征反抗,混合形态或超自然生物,未知,山经
栾木,不详,海内南经,广东省;广西壮族自治区;海南省,有木名日栾，实如建木实,有一种树叫栾，果实像建木的果实,果实为神药,神药,混合形态或超自然生物,南,海内经
伯服,不详,不详,未知,有国伯服。丫项生伯服,伯服国，丫项生伯服,不详,不详,混合形态或超自然生物,未知,未知
昆吾,不详,昆寿之山,青海省,昆吾，古王者号。昆寿之山是也,昆吾是古王者号，昆寿之山,不详,神性英雄,混合形态或超自然生物,未知,中次二经
双头人,双头，有翼,海上,山东省;江苏省;浙江省,捕鱼于海，鸟唆、有翼,在海上捕鱼，有翼,捕鱼,不详,混合形态或超自然生物,未知,未知
双头国,双头人形,海外南经,广东省;广西壮族自治区;海南省,此又云锤妻士敬、士敬子炎融生双头者，盖传闻不同而异辞也。,传说双头国由炎融所生。,双头;食海中鱼,双头象征,混合形态或超自然生物,南,海外经
朱木,赤枝，青华，玄实,大荒西经,青海省;四川省,有树，赤皮枝干，青叶，名上朱木。,朱木是一种赤枝青叶的树。,无,神秘之树,植物,西,大荒经
跌踢,左右都有脑袋的兽,赤水的西边，流沙的东边,四川省;云南省,有一种兽，左右都有脑袋，名字叫跌踢,一种双头兽，名为跌踢,双头,未知,兽类,南,海内经
大黑蛇,大黑蛇,黑水的南边,甘肃省,有一条大黑蛇，在那里吃驼鹿,大黑蛇吃驼鹿,吃驼鹿,贪婪,爬行与蛇类,南,山经
三身国人,人有三条身子,不庭山,云南省;四川省,有一种人有三条身子,人有三条身子,无,多身象征,混合形态或超自然生物,未知,山经
羽民国人,人民身上生有羽毛,大荒,青海省;甘肃省,有羽民国，人民的身上都生有羽毛,人民身上生有羽毛,无,飞翔象征,混合形态或超自然生物,未知,大荒经
卵民国人,人民从卵里生出,大荒,青海省,有卵民国，人民从卵里生出,人民从卵里生出,无,卵生象征,混合形态或超自然生物,未知,大荒经
季厘,人形，吃野兽,大荒南经,广东省;广西壮族自治区;云南省,有 人 在 吃 野 兽 ， 名 叫 季 厘 。 帝 俊生 了 季 厘 ， 所 以 名 叫 季 厘 国 。,有人吃野兽，名叫季厘。帝俊生了季厘，所以叫季厘国。,吃野兽,帝俊后裔,混合形态或超自然生物,南,大荒经
倍伐,人形,缉渊,河南省;青海省,少 昊 生 了 倍 伐 ， 倍 伐 被 贬 滴 到 下 界 来 ， 居 住 在 缉 渊 。,少昊生了倍伐，倍伐被贬到下界，住在缉渊。,无,被贬之神,混合形态或超自然生物,未知,大荒经
虹,水边害虫，体长三四寸,虹民国,云南省,虹 是 一 种 生长 在 水 边 的 害虫 ， 体 长 三 四 才 ， 能 够 仿 沙 射 人 ， 人 被 射 中 ， 就 会 生 郊 害 病死 去 。,虹是一种水边害虫，体长三四寸，能射沙伤人，中者病死。,射沙伤人,害虫,混合形态或超自然生物,未知,大荒经
育崇,红蛇,宋山,山东省;河南省,"有 座 宋 山 , 山上 产 有 一 种 红 蛇 ,名 叫 育 崇 。",宋山上有一种红蛇，名叫育崇。,无,红蛇,爬行与蛇类,未知,大荒经
枫木,树形,宋山,河南省;山东省,"有 一 种 树 生长 在 山上 , 和 名 叫 枯木。 槐 本 ， 原 是 被 杀 的 吓 尤 所 抛 奔 的 棱 格 ， 后 来 变化 成 了 枫 木 。",山上有一种树，名叫枯木，原是蚩尤的棱格，后变成枫木。,无,蚩尤遗物,混合形态或超自然生物,未知,大荒经
祖状尸,老虎的尾巴,大荒中,青海省;山西省,老虎的尾巴，名字叫祖状尸，大约也是一个神的尸象。,祖状尸是老虎尾巴的神尸。,无,神的象征,混合形态或超自然生物,中,大荒经
人熊,不详,岳山,山东省;陕西省;湖南省,那儿有花斑贝、离朱乌、和猫头鹰、老鹰、乌鸦、两头蛇、视肉、狗能、人熊、老虎、豹子等物,岳山上有熊等动物,不详,不详,兽类,未知,山经
三难,红马,盖犹山,山东省,有红马，名叫三难,盖犹山上有红马三难,不详,不详,兽类,未知,山经
苦人,小人,盖犹山,青海省,有小人，和名叫苦人,盖犹山上有小人苦人,不详,不详,混合形态或超自然生物,未知,山经
三雅马,青马,南类山,湖南省;江西省;广东省,那儿有黑色玉石、青马、三雅马、视肉、甘华树等物,南类山上有青马三雅马,不详,不详,兽类,南,山经
狂鸟,五采之鸟,西北海之外,青海省,有五采之鸟，有和冠，名日狂鸟,西北海之外有五采之鸟狂鸟,不详,不详,鸟类,西北,大荒经
昌叔均,人类形象,大荒之中,青海省;四川省;云南省,有 人 方 耕 ， 名 昌 叔 均,有人正在耕种，名叫昌叔均,耕作,农业之神,混合形态或超自然生物,中,大荒经
太子长琴,人类形象,要山,河南省;山西省,有 要 山 ， 其 上 有 人 ， 号 四 太子 长 琴,要山上有人，名叫太子长琴,作乐,音乐之神,混合形态或超自然生物,中,大荒经
凤鸟,五彩鸟,沃之野,河南省,"弯 凤 自 歌 , 凤 鸟 自 舞",凤鸟自歌自舞,歌舞,吉祥之鸟,鸟类,中,大荒经
巫彭,人类形象,灵山,四川省,巫 彭 、 巫 站 、 巫 真 、 巫 礼 、 巫 抵 、 巫 谢 、 巫 罗 十 巫,巫彭等十巫,医药,医药之神,混合形态或超自然生物,中,大荒经
鸣鸟,五采之鸟仰天,径州之山,甘肃省,有径州之山，五采之鸟仰天，名上日鸣鸟,径州山上有五彩鸟仰天鸣叫,鸣叫,吉祥之兆,鸟类,未知,山经
公效,人面鸟身，班两青蛇，践两赤蛇,西海障中,青海省,西海障中，有神人面鸟身，班两青蛇，践两赤蛇，名目公效,西海障中有神人面鸟身，脚踏两条赤蛇,操控蛇类,神力象征,混合形态或超自然生物,西,海内经
叶,人面无臂，两足反属于头山,日月山,青海省,有神，人面无臂，两足反属于头山，名日叶,日月山上有神人面无臂，两足反属于头山,未知,神秘存在,混合形态或超自然生物,未知,山经
屏攻,左右有首,麻整氏山,甘肃省;四川省;云南省,有兽，左右有首，名日屏攻,麻整氏山上有兽左右有首,未知,双首象征,兽类,未知,大荒经
天矿,赤犬,未知,山西省;云南省,有赤犬，名上日天矿，其所下者有兵,赤犬名为天矿，出现则有战争,预示战争,战争之兆,兽类,未知,未知
比翼之鸟,白鸟，青翼，黄尾，玄喉,未知,山东省,有比翼之鸟，白鸟，青翼，黄尾，玄喉,有比翼鸟，白身青翼黄尾黑喉,比翼双飞,爱情象征,鸟类,未知,未知
夏耕之户,无首，操戈盾立,章山,湖北省;湖南省,有人无首，操戈盾立，名目夏耕之户,夏耕之户无首，操戈盾立,不死,战争与复仇,混合形态或超自然生物,未知,大荒经
鱼妇,蛇化为鱼,大荒之野,四川省;云南省,蛇乃化为鱼，是为鱼妇,蛇化为鱼，称为鱼妇,复苏,再生与变化,鱼类与水生生物,未知,大荒经
夏后开,表两青蛇，乘两龙,赤水之南，流沙之西,四川省;云南省,有人表两青蛇，乘两龙，名日夏后开,夏后开表两青蛇，乘两龙,得《九辩》与《九歌》,智慧与音乐,混合形态或超自然生物,西南,海内经
灵超,未知,互人之国,青海省,炎帝所之孙名日灵超，灵起生互人，是能上下于腾,灵超是炎帝之孙，能上下于腾,上下于腾,神秘与力量,混合形态或超自然生物,未知,海内经
名目标,人形,北方,北京市,有 人 名 目标 ， 北 方 日 名,北方有神名为目标,未知,北方之神,混合形态或超自然生物,北,未知
因因乎,神形,南方,广东省;广西壮族自治区;海南省,有 神 名 目 因 因 乎 ， 南 方 晶 因 乎,南方有神名为因因乎,未知,南方之神,混合形态或超自然生物,南,大荒南经
白民国,人形,海外西经,新疆维吾尔自治区,白 氏 之 国: 按: 经 文 白 氏 之 国 ， 宋 本 、《 藏 经 》 本 、 毛 雇 本 、 匡 任 臣 本 氏均 作 民 ， 作 民 是 也。 白 民国已 见 《 海 外 西 经 》,白民国见于海外西经,未知,白民国,混合形态或超自然生物,西,海外西经
长肥之国,人形，脚长三丈,海外西经,青海省;甘肃省;新疆维吾尔自治区,长 肥 之 国: 郭 瑛 云: 脚 长 三 丈。 都误 行 云: 肥长即 长 股 也 ， 见 《 海 外 西 经 》,长肥之国脚长三丈,未知,长股之国,混合形态或超自然生物,西,海外西经
西周之国,人形,西周,陕西省,"西周之 国 , 姬 姓: 郝 勤 行 云: 说《文 》 云: 姬 ,黄居帝姬 水 ,以 为 姓。 《史周记本 纪 》 云: 封 弃 于 分， 号目 后 委 ， 别姓 姬 氏。 《理地志 少 云: 碳 扶风 营 ， 后 生 所 封。 然经 言 则西周 之 国 ， 盖 谓 此",西周之国为姬姓,未知,西周之国,混合形态或超自然生物,西,未知
后称,神形,西方,青海省;甘肃省;宁夏回族自治区,"帝 俊生后 称: 郭 现 云: 俊 宜 为 党 , 誉 第 二 妃 生 后 称 也。 郝 就 行 云: 帝 誉 名 僚 ， 居 、 俊 疑 古 今 字 ， 不 须 依 郭 改 俊 为 党 也。 按: 后 称 本 西方 民族 所 奉祀 之 农 神 ， 而 又 附会 于 东方 民族 神话 中 ， 故 言 帝 俊生， 或 帝 党 生 也。 实 则 后 稳 之 生 ， 与 俊 、 汐 俱 无 关 ， 万 原始 母 权 制 社会 时 期 感 天 而 生 之 神话 也",后称为西方农神,未知,农神,混合形态或超自然生物,西,未知
赤国妻氏,未明确描述外貌,海内经,四川省;云南省,大比赤阴,可能是地名或人名,未知,未知,混合形态或超自然生物,未知,海内经
柜格之松,木名,山经,未知,柜格之松,一种树木,未知,未知,植物,未知,山经
澳蚌,未明确描述外貌,山经,未知,日月所出人也,日月出入的地方,未知,神话中的山,混合形态或超自然生物,西,山经
先民之国,未明确描述外貌,海外经,山东省;江苏省,海外三十六国中有天民,可能是天民之国,未知,未知,混合形态或超自然生物,未知,海外经
老童,不详,戏山,山西省;陕西省,戏山，神书童居之，其音常如钟志。,戏山上有神书童，声音如钟。,声音如钟,不详,混合形态或超自然生物,西,西次三经
虫状如芝,形状如芝,不详,山东省;江苏省,有虫状如芝，谓之虫者，自人及乌兽之属，通谓之虫。,有虫形状如芝，泛指人和鸟兽。,不详,不详,混合形态或超自然生物,不详,不详
青如狠状,青色，形状似狼,不详,未知,青如狠状，状又似狠。,青色，形状似狼。,不详,不详,兽类,不详,不详
巫爵,状如欧，色如猥,灵山,四川省;云南省,状如欧，又云如猥者，言其色，非谓状如兔，又似狠岂。,形状像欧，颜色像猥。,未知,未知,混合形态或超自然生物,西,大荒经
沃民,未知,沃之国,青海省,有沃之国,有沃民的国家。,未知,未知,混合形态或超自然生物,未知,海外经
轩辕国人,人面蛇身，尾交首上,轩辕之国,河南省,其人人面蛇身，尾交首上,轩辕国的人长着人面蛇身，尾巴盘在头上,未知,母性崇拜;神秘力量,混合形态或超自然生物,未知,海外西经
旧傅效,全似北方神昌疆，唯彼作践两青蛇为异,未知,未知,此神形状，全似北方神昌疆，唯彼作践两青蛇为异,这个神的形状很像北方神昌疆，只是他踩着两条青蛇,未知,未知,混合形态或超自然生物,未知,海外北经
重,未描述,上天,未知,重实上天,重能举上天,举上天,司天属神,混合形态或超自然生物,未知,未知
黎,未描述,下地,河南省;山东省,黎实下地,黎能抑下地,抑下地,司地属民,混合形态或超自然生物,未知,未知
嘲鸣,未描述,后土所生,河南省,后土生嘲鸣,后土生嘲鸣,未知,未知,混合形态或超自然生物,未知,海内经
青音,五色鸟，人面有发,玄丹之山,四川省;云南省,有五色之鸟，人面有发,有五色鸟，长着人脸和头发,不详,不详,鸟类,西,海外经
黄警,五色鸟，人面有发,玄丹之山,山西省;陕西省,有五色之鸟，人面有发,有五色鸟，长着人脸和头发,不详,不详,鸟类,西,海外经
咨鸟,人面，色青黄,海外西经,青海省;四川省,咨鸟、角鸟，其色青黄，所经国亡,咨鸟和角鸟，颜色青黄，经过的国家会灭亡,不详,不详,鸟类,西,海外经
角鸟,人面，色青黄,海外西经,山西省;陕西省,咨鸟、角鸟，其色青黄，所经国亡,咨鸟和角鸟，颜色青黄，经过的国家会灭亡,不详,不详,鸟类,西,海外经
天犬,赤犬,阴山,内蒙古自治区,赤犬名天犬，此自兽名,红色的狗叫天犬,预示战争,战争预兆,兽类,西,山经
陆寿,虎身九尾，人面虎爪,昆仑之丘,昆仑山脉,其神状虎身而九尾，人面而虎爪。是神也，司天之九部，及帝之辕时。,神陆寿掌管天之九部及帝之辕时。,司天之九部;掌管帝之辕时,掌管天时,混合形态或超自然生物,西,西次三经
火鼠,火中白鼠，时出山边求食,炎火之山,云南省;吉林省,火中有和白鼠，时出山边求食，人捕得之，以毛作布，今之火兴布是也。,火鼠出没于火山边，其毛可织布。,耐高温;毛可织布,火中生存,兽类,东,海内经
女祭、女藏,持鲁或持姐,海外西经,青海省;四川省;云南省,女祭、女藏，即《海外西经》之女祭、女不，盖礼神之女巫也。,女祭与女藏是礼神的女巫。,礼神;祭祀,祭祀与神职,混合形态或超自然生物,西,海外西经
寿麻,正立无影，疾呼无响,大荒北经,内蒙古自治区;山西省;河北省,寿麻正立无景，疾呼无响，爱有大暑，不可以往,寿麻站立无影，呼喊无声，炎热难耐，无法前往,正立无影;疾呼无响,异于常人的豪气,混合形态或超自然生物,北,大荒经
夏耕之尸,无首,章山,河南省;山西省,耕既立，无首,夏耕站立，无首,无首而立,不屈的精神,混合形态或超自然生物,未知,未知
吴回,无右臂,巫山,重庆市巫山县,有人名目吴回，奇左，是无右臂,吴回无右臂,火正,火神,混合形态或超自然生物,南,大荒经
三面之人,三面,未知,未知,言人头三边各有面也,人有三面,未知,奇异,混合形态或超自然生物,未知,未知
甬鸟,六首,开南明,云南省;广西壮族自治区,开南明有树鸟，六首,开南明有一种六首的鸟,未知,未知,鸟类,南,海内经
大巫山,未知,大荒之中隅,青海省;四川省,有大巫山……西南，大荒之中隅,大巫山位于大荒的西南隅,未知,未知,未知,西南,大荒经
偏句,未知,常羊之山,青海省;山西省,有偏句、常羊之山,有偏句和常羊两座山,未知,未知,未知,未知,未知
常羊,未知,常羊之山,青海省,有偏句、常羊之山,有偏句和常羊两座山,未知,未知,未知,未知,未知
两头黄色兽,两头，黄色,不周山,山西省;新疆维吾尔自治区,有两头黄色的兽看守在那里。,有两头黄色的兽守护不周山。,守护,守护神,兽类,西北,大荒经
女娲肠,肠子化成的神人,栗广的原野,河南省;山西省,有十个神人，名叫女娲肠，他们就是女娲的肠子化成神的。,女娲的肠子化成十个神人。,无,生命延续,混合形态或超自然生物,未知,大荒经
狂岛,五彩羽毛，头上有冠,未知,山东省;辽宁省;河北省,有一种五彩羽毛的马，头上有冠，名叫狂岛。,五彩羽毛的马，头上有冠，名为狂岛。,无,祥瑞,鸟类,未知,未知
皇鸟,五彩羽毛,大荒当中,青海省;甘肃省;内蒙古自治区,有三种五彩羽毛的乌: 一种叫皇鸟,五彩羽毛的鸟,未知,吉祥,鸟类,中,大荒经
凤乌,五彩羽毛,大荒当中,青海省;四川省,还有一种叫凤乌,五彩羽毛的鸟,未知,吉祥,鸟类,中,大荒经
谷效,人脸，鸟身，耳挂两条蛇，脚踩两条红蛇,西海的海岛上,青海省,西海 的 海岛 上 ， 有 一 个 神 ， 人 的 脸 ， 乌 的 身子 ， 耳 洒 上 挂 两 条 至 蛇 ， 脚 踩 两 条 红 蛇 ， 名 叫 谷 效 。,西海海岛上有一个神，人脸鸟身，耳挂两条蛇，脚踩两条红蛇，名叫谷效。,无,神秘,混合形态或超自然生物,西,大荒西经
号,人脸，无胳膊，双脚反转架在头顶,日月山,青海省,有 一 个 神 ， 人 的 脸 ， 没 有 用 膊 ， 两 具 脚 反 转 过 来 架 在 头顶 上 ， 名 字 叫 号 一 一 可 能 就 是 后 面 要 说 到 的 嘻 。,有一个神，人脸无胳膊，双脚反转架在头顶，名叫号。,无,神秘,混合形态或超自然生物,未知,大荒西经
戎宣王尸,马状无首,齐州之山,山东省,有赤兽，马状无首，名曰戎宣王尸。,有一种红色的兽，形状像马但没有头，名叫戎宣王尸。,无,不详,混合形态或超自然生物,未知,山经
苗民,有翼,西北海外，黑水之北,青海省;甘肃省,西北海外，黑水之北，有人有翼，名曰苗民。,在西北海外，黑水的北边，有一种有翼的人，名叫苗民。,飞行,不详,混合形态或超自然生物,西北,大荒经
若木,赤树，青叶赤华,衡石山、九阴山、洞野之山,湖南省;内蒙古自治区;云南省,上有赤树，青叶赤华，名曰若木。,山上有红色的树，青色的叶子，红色的花，名叫若木。,不详,不详,混合形态或超自然生物,未知,大荒经
胡不与之国,不详,不详,未知,胡不与之国,胡不与之国,不详,不详,混合形态或超自然生物,不详,不详
肃慎氏,穴居，无衣，衣猪皮，冬以膏涂体，厚数分，用却风寒。其人皆工射，号长四尺，劲强。,肃慎国,辽东地区,今肃慎国去辽东三千余里，穴居，无衣，衣猪皮，冬以膏涂体，厚数分，用却风寒。其人皆工射，号长四尺，劲强。,肃慎国位于辽东三千余里，穴居，穿猪皮，冬季用油脂涂身御寒。,工射;劲强,坚韧与生存能力,混合形态或超自然生物,未知,海外西经
琴虫,蛇类,南方,江西省;湖南省;广东省,南人以山虫为蛇，见《海外南经》。,南方人称山虫为蛇。,未知,蛇的象征,爬行与蛇类,南,海外南经
大青蛇,黄色头部的大蛇,荣山,河南省;山东省,有大青蛇，黄头，食应,有大青蛇，黄色头部，以鹿为食,食鹿,象征力量与神秘,爬行与蛇类,南,大荒南经
大桃木,巨大的桃树,度朔之山,山西省;河北省,沧海之中，度朔之山，上有大桃木，其屈蟠三千里,沧海中的度朔山上有巨大的桃树，蜿蜒三千里,无,象征长寿与神秘,混合形态或超自然生物,未知,未知
侨耳,耳大下垂至肩,未知,未知,人其耳 大 下 伐 ， 垂 在 肩 上,侨耳国的人耳朵大垂至肩,无,耳大象征,混合形态或超自然生物,未知,未知
操蛇之神,不详,不详,云南省;广西壮族自治区,操蛇之神闻之，告之于帝。,操蛇之神听到后，向天帝报告。,不详,不详,混合形态或超自然生物,未知,未知
强良,不详,不详,未知,强梁祖明共食碟死寄生。,强良与祖明共同食用碟死寄生。,不详,不详,混合形态或超自然生物,未知,未知
后土,不详,不详,未知,后土，共工氏之子句龙也。,后土是共工氏的儿子句龙。,不详,不详,混合形态或超自然生物,未知,海内经
无继子,不详,海外北经,辽宁省;山东省,无继子，食鱼。,无继子以鱼为食。,不详,不详,人类异种,北,海外北经
无肠国人,未明确描述外貌,海外北经,河北省;辽宁省,此言无肠国人乃无启国人之裔也,无肠国人是无启国人的后裔,未明确描述能力,象征神话传说的奇异,混合形态或超自然生物,北,海外经
无启国人,未明确描述外貌,海外北经,辽宁省;吉林省;黑龙江省,此言无肠国人乃无启国人之裔也,无肠国人是无启国人的后裔,未明确描述能力,象征神话传说的奇异,混合形态或超自然生物,北,海外经
黄帝女肯,秃无发,未知,未知,黄帝女肯，音如旱嫉之肯,黄帝的女儿肯，声音像旱嫉,无,黄帝的女儿,混合形态或超自然生物,未知,未知
田祖,不详,不详,河南省;山东省,田祖有神,田祖是掌管农田的神,不详,农业与丰收,混合形态或超自然生物,未知,未知
犬戎,人面兽身,犬戎国,青海省,有神，人面兽身，名目犬戎,犬戎是黄帝的玄孙,无,犬戎国的神,混合形态或超自然生物,北,海内经
无骨子,无骨,牛黎之国,海南省;广东省,言有无骨人也,无骨之人,无,无骨之人,混合形态或超自然生物,北,海外经
继无民,无,无继,未知,继无民任姓,无继之民,无,无继之民,混合形态或超自然生物,未知,山经
和鬼国,人面而一目,海内北经,山东省;河北省,为物人面而一目,人面一目的生物,无,一目国,混合形态或超自然生物,北,海内经
牛黎之国,反都曲足居上,海外北经,辽宁省;山东省,其人反都曲足居上,牛黎国人反足居上,无,无,混合形态或超自然生物,北,海外经
傍耳之子,无骨,未知,未知,做耳人生无骨子也,傍耳之子无骨,无,无,混合形态或超自然生物,未知,未知
离朱鸟,鸟形，羽毛鲜艳,附昌山,云南省;四川省,离朱鸟,离朱鸟,无,珍奇异兽,鸟类,东北,大荒经
琅鸟,鸟形，羽毛美丽,附昌山,青海省,琅鸟,琅鸟,无,珍奇异兽,鸟类,东北,大荒经
黄蛇,蛇形，黄色,附昌山,未知,黄蛇,黄蛇,无,珍奇异兽,爬行与蛇类,东北,大荒经
责瑰,未知,附昌山,山西省,责瑰,责瑰,无,珍奇异兽,混合形态或超自然生物,东北,大荒经
王莫,未知,附昌山,青海省;山西省;山东省,王莫,王莫,无,珍奇异兽,混合形态或超自然生物,东北,大荒经
猎猎,黑虫像熊的模样,大荒,甘肃省;青海省;内蒙古自治区,有一种黑虫像熊的模样，名叫猎猎。,有一种黑虫，形似熊，名为猎猎。,未知,未知,混合形态或超自然生物,未知,大荒经
北海神,人的脸，鸟的身子，耳上挂两条,北海的海岛上,山东省;辽宁省,北海的海岛上，有一个神，人的脸，鸟的身子，耳上挂两条,北海的海岛上，有一个神，人脸鸟身，耳上挂两条,未知,未知,混合形态或超自然生物,北,海内经
遇疆,脚踏两条红蛇,北海,山东省,青蛇，脚踏两条红蛇，名叫遇疆〈遇京〉——他便是北海的海神，是加号的儿子。,遇疆是北海的海神，脚踏两条红蛇。,海神,海神,混合形态或超自然生物,北,大荒经
九凤,九个脑袋，人的脸，鸟的身子,北极天柜山,河北省;内蒙古自治区,有一个神，九个脑袋，人的脸，鸟的身子，名叫九凤。,九凤是九个脑袋的神，人面鸟身。,未知,未知,混合形态或超自然生物,北,大荒经
旱魃,秃顶，不长头发,赤水的北边,四川省;云南省,黄帝降下天女名叫魃，她运用身体内的热力，把狂风和暴雨都止住了。,天女魃用热力止住风雨。,止风止雨;引发干旱,干旱之神,混合形态或超自然生物,南,大荒经
深目民国,未明确描述外貌,未知,云南省;四川省;青海省,有一群人正在那里吃鱼，名叫深目民国，姓盼，拿鱼来做主要食品。,深目民国人以鱼为主食。,无特殊能力,渔猎民族,人类,未知,大荒经
赤水女子献,穿青色衣服的女子,赤水北边,四川省;云南省,有一个女子，穿了一件青色衣服，名叫赤水女子献,赤水北边的女子，穿青色衣服,无,黄帝女骸,混合形态或超自然生物,北,山经
威姓人,只有一只眼睛，腿有睛长在脸的正中央,齐州山,山东省,有一种人，只有一只眼睛，腿有睛长在脸的正中央,独眼人，腿有睛长在脸中央,以么为主要食物,少昊子孙,混合形态或超自然生物,未知,山经
无继民,无骨民的子孙后代,未知,青海省;山西省,有无继民，无继民姓任，是无骨民的子孙后代,无继民是无骨民的后代,以空气和鱼为主要食物;擅长深呼吸运动,无骨民后代,混合形态或超自然生物,未知,山经
韩流,人面、系只、麟身、渠股、豚止,若水,四川省;云南省,韩流氛首、谨耳、人面、系只、麟身、渠股、豚止,韩流是人面麟身的异兽。,未知,未知,混合形态或超自然生物,未知,海内经
柏高,人形,赣山,江西省,有人名目柏高，柏高上下于此，至于洋交。,柏高是赣山的神人。,未知,未知,混合形态或超自然生物,未知,海内经
昌若木,树木,黑水青水之间,四川省;青海省,有木名昌若木，若水出项。,昌若木是黑水青水之间的神树。,未知,未知,混合形态或超自然生物,南海,海内经
昌旦蛇,赤蛇在木上,灵山,四川省;云南省,有赤蛇在木上，名昌旦蛇,有红色的蛇在树上，名叫昌旦蛇,未知,火木之精;赤色之兆,爬行与蛇类,未知,山经
狸猩,青兽，人面,未知,海南省,有青兽，人面，名目狸猩,有青色的兽，人面，名叫狸猩,未知,未知,兽类,未知,山经
延维,人首蛇身，长如辕，左右有首，衣紫衣，冠施冠,未知,青海省;山西省;山东省,有神需，人首蛇身，长如辕，左右有首，衣紫衣，冠施冠，名日延维,有神，人首蛇身，长如车辕，左右有头，穿紫衣，戴冠，名叫延维,未知,未知,混合形态或超自然生物,未知,山经
岗狗,青兽如葛,未知,未知,有青兽如葛，名目岗狗,有青色的兽像葛藤，名叫岗狗,未知,未知,兽类,未知,山经
玄鸟,黑色的鸟,幽都之山,山西省;河北省,其上有玄鸟、玄蛇、玄鹏、玄虎、玄狐莲尾,山上有黑色的鸟、蛇、鹏、虎、狐,未知,神秘,鸟类,北,海内经
玄鹏,黑色的大鹏,幽都之山,山西省;青海省,其上有玄鸟、玄蛇、玄鹏、玄虎、玄狐莲尾,山上有黑色的鸟、蛇、鹏、虎、狐,飞行,神秘,鸟类,北,海内经
玄虎,黑色的虎,幽都之山,山西省;陕西省;甘肃省,其上有玄鸟、玄蛇、玄鹏、玄虎、玄狐莲尾,山上有黑色的鸟、蛇、鹏、虎、狐,未知,神秘,兽类,北,海内经
玄狐莲尾,黑色狐狸，尾巴像莲花,幽都之山,山西省;青海省,其上有玄鸟、玄蛇、玄鹏、玄虎、玄狐莲尾,山上有黑色的鸟、蛇、鹏、虎、狐,未知,神秘,兽类,北,海内经
钉灵之国,国民从膝盖以下有毛，马蹄善走,北海之内,山东省;辽宁省,有钉灵之国，其民从郝以下有毛，马蹄善走,有钉灵国，国民膝盖以下有毛，马蹄善走,善走,异族,混合形态或超自然生物,北,海内经
术器,首方颠,江水,四川省,术器首方颠，是复土入，以处江水。,术器头部方正，复土入，居住在江水。,复土入,未知,混合形态或超自然生物,未知,海内经
嘻鸣,未详细描述,未知,青海省;四川省,嘻鸣生岁十有二。,嘻鸣生下十二岁。,生十二岁,未知,混合形态或超自然生物,未知,海内经
天毒,其人水居,天毒国,印度,天毒，其人水居。,天毒国的人居住在水边。,水居,未知,混合形态或超自然生物,西南,海内经
列姑射山神人,未详细描述,列姑射山,山东省,列姑射山，有神人，不假不爱，仙圣为之臣。,列姑射山有神人，不假不爱，仙圣为其臣。,不假不爱,神人,混合形态或超自然生物,未知,海内经
摆首,长咽,未描述,吉林省,氛首，长咽;谨耳，未闻。,摆首有长咽，谨耳未详。,未描述,未描述,混合形态或超自然生物,未知,未知
阐耳,未详细描述,未描述,山西省;四川省;浙江省,谨耳，未闻。,阐耳的特征未详。,未描述,未描述,混合形态或超自然生物,未知,未知
渠股,中脚,未描述,四川省;山西省;云南省,渠，车罗，言中脚也。,渠股的中脚像车罗。,未描述,未描述,混合形态或超自然生物,未知,未知
不死树,树上结有果实，食之可长寿,员丘山,河南省;山东省,员丘山上有不死树，食之态寿,员丘山上有不死树，吃了可以长寿,食之可长寿,长生不老,混合形态或超自然生物,未知,海外南经
素女,未具体描述外貌,天下之中,河南省,城其方三百里，盖天地之中，素女所出也,素女出自天地中心的城池,未具体描述,天地中心,混合形态或超自然生物,中,山经
灵寿,木似竹，有枝节,未具体描述,江西省;广西壮族自治区;河南省,灵寿，木名也，似竹，有枝节,灵寿是一种像竹子的树木,自然合杖制,长寿,植物,未知,山经
武夫之丘,山出美石，似玉,会稽之山,浙江省绍兴市,此山出美石,这座山出产美丽的石头,出产美石,象征财富与美丽,混合形态或超自然生物,南,山经
神民之丘,上有神人,未知,山东省,言上有神人,据说山上有神人,神人居住,象征神圣与神秘,混合形态或超自然生物,未知,山经
青兽,人面,弱水中,甘肃省,有青兽，人面,有青兽，长着人脸,未知,未知,兽类,中,海内经
夕狂,状如黄狗,海南,海南省,夕狂状如黄狗,夕狂形状像黄狗,未知,未知,兽类,南,海内经
后照,未知,巴国,四川省;重庆市,后照是始为巴人,后照是巴人的始祖,未知,始祖与领导,混合形态或超自然生物,未知,未知
流黄辛氏,未知,海内南经,广东省;广西壮族自治区,流黄辛氏，即峙氏也,流黄辛氏即峙氏,未知,未知,混合形态或超自然生物,南,海内经
赢民,鸟足,大荒东经,山东省,"有赢民, 鸟足， 有封东",有赢民，长着鸟的脚,未知,未知,混合形态或超自然生物,东,大荒经
黑人,虎首鸟足，两手持蛇,大荒东经,山东省,又有黑人，虎首鸟足，两手持蛇，方咯之,有黑人，虎头鸟脚，两手拿着蛇,未知,战争预警;力量象征,混合形态或超自然生物,东,大荒经
法鸟,形如燕，赤而雄目翡，青而雌日肤,未知,未知,缀乌形如燕。赤而雄目翡，青而雌日肤,法鸟形如燕子，雄鸟红色，雌鸟青色,羽可饰肉帐,装饰,鸟类,未知,山经
孔鸟,孔雀,未知,云南省,方人以孔乌,方人献上孔雀,未知,献礼之物,鸟类,未知,山经
菌山,未知,未知,湖南省;四川省;云南省,菌即芝菌之字,菌山与芝菌相关,未知,未知,混合形态或超自然生物,未知,山经
桂山,菌桂，桂员似竹,交趾,越南,菌桂出交趾，圆如竹,菌桂产自交趾，形状如竹,为众药通使,药用,混合形态或超自然生物,未知,山经
三天子之都山,未知,未知,江西省,三天子之都山,三天子的都山,未知,未知,混合形态或超自然生物,未知,海内南经
九纤山,未知,未知,湖南省,未知,未知,未知,未知,混合形态或超自然生物,未知,未知
玄豹,黑色豹类,即谷之山,青海省,即谷之山，多玄鹏,即谷山上有许多黑色豹,未知,力量与神秘,兽类,未知,山经
玄狐蓬尾,黑色狐类，尾巴蓬松,幽都之山,山西省;河北省,幽都之山，有玄狐蓬尾,幽都山上有黑色蓬尾狐,未知,灵性与神秘,兽类,未知,未知
玄丘之民,未知,幽都之山,山西省;内蒙古自治区,幽都之山，有玄丘之民,幽都山上有玄丘之民,未知,未知,混合形态或超自然生物,未知,未知
伯陵,未描述,未知,青海省;山西省;山东省,炎 帝 之 孙 伯 陵,伯陵是炎帝的孙子,未描述,神话与历史的交汇,混合形态或超自然生物,未知,海内经
和 白马,未描述,未知,四川省;湖南省;福建省,和 白马 是 为 稣,和 白马 是 稣,未描述,神话中的先祖,混合形态或超自然生物,未知,海内经
白马,白色马匹,未知,青海省;四川省,"骆明生白马,白马是为钰",骆明生白马，白马成为钰,无特殊能力,神话生物,兽类,未知,未知
番禺,未知,未知,广东省,淫梁生番禺，是始为舟,淫梁生番禺，开始制造舟,制造舟,神话人物,混合形态或超自然生物,未知,未知
吉光,未知,未知,青海省,"奚仲生吉光,吉光是始以木为车",奚仲生吉光，吉光开始用木头造车,制造车,神话人物,混合形态或超自然生物,未知,未知
羿,不详,东夷地区,山东省;江苏省;安徽省,羿是始去恤下地之百艰,羿开始解除下地的各种困难,射杀评齿、封算,除患扶助,混合形态或超自然生物,东,海外南经
曼龙,不详,不详,云南省;贵州省,帝俊生有曼龙，受龙生司幽,帝俊生了曼龙，曼龙生了司幽,不详,不详,混合形态或超自然生物,未知,大荒东经
帝俊八子,未描述,未描述,青海省,帝俊有子八人，是始为歌舞,帝俊的八个儿子开始创作歌舞,创作歌舞,文化艺术的起源,混合形态或超自然生物,未知,大荒经
三身,未描述,未描述,未知,帝俊妻娥皇生三身之国,帝俊的妻子娥皇生下了三身之国,未描述,多身象征,混合形态或超自然生物,南,大荒南经
义均,未描述,未描述,未知,义均是始为巧俐，是始作下民百巧,义均开始创造各种精巧的工具,创造工具;作牛耕,工艺与农业的起源,混合形态或超自然生物,未知,海内经
炎帝,无具体外貌描述,大荒西经,青海省;四川省,炎帝之妻……生戏器,炎帝的妻子生了戏器,无,神农氏,混合形态或超自然生物,西,大荒经
息壤,无具体外貌描述,大荒西经,青海省;四川省,息壤者，言土自长息无限,息壤能自长无限,能自长无限;可塞洪水,神土,混合形态或超自然生物,西,大荒经
羽郊,无具体外貌描述,南次二经,东海,羽山之郊,羽山的郊外,无具体能力描述,无具体象征意义,混合形态或超自然生物,南,山经
黄龙,龙形，黄色,羽山,山东省,命死三岁不腐，剖之以吴刀，化为黄龙,死后三年不腐，用吴刀剖开，化为黄龙,不死;化龙,不死与转化,混合形态或超自然生物,东,山经
黄能,未知,羽山,山东省,郭注黄龙，《藏经》本作黄能,郭璞注黄龙，《藏经》版本写作黄能,未知,未知,混合形态或超自然生物,东,山经
朝云国,未知,流沙的东边，黑水的西边,甘肃省;内蒙古自治区,流沙的东边，黑水的西边，有朝云国,流沙东边，黑水西边有朝云国,未知,未知,未知,西,海内经
司葛国,未知,流沙的东边，黑水的西边,新疆维吾尔自治区,流沙的东边，黑水的西边，有司葛国,流沙东边，黑水西边有司葛国,未知,未知,未知,西,海内经
软蛇,红色，生活在树上,灵山,河南省;陕西省,有一条红蛇在树上，名叫软蛇，专以吃树木为生,软蛇是红色的，以树木为食,吃树木,树木的破坏者,爬行与蛇类,未知,海内经
鸟民,长着鸟的头,南海海内，黑水和青水之间,广东省,有一种人长着鸟的头，名叫鸟民,鸟民是长着鸟头的人,无特殊能力描述,人与鸟的结合,混合形态或超自然生物,南,海内经
密窗,龙的脑袋,弱水,青海省;甘肃省,有密窗这种怪兽，龙的脑袋，住在弱水里，能够吃人。,密窗是龙首怪兽，住在弱水，能吃人。,吃人,凶猛,混合形态或超自然生物,未知,未知
闭巨人,人的脸，长嘴唇，黑勋哑的身子，全身是毛，足后跟反转生,南方,广东省;广西壮族自治区;云南省,南方有闭巨人，人的脸，长嘴唇，黑勋哑的身子，全身是毛，足后跟反转生，见人就笑，一笑嘴唇就反转来遮蔽了眼睛，人们因此才能趁机逃走。,闭巨人是人脸长唇，黑身毛足，见人笑则唇遮眼。,见人笑则唇遮眼,怪异,混合形态或超自然生物,南,未知
台鸟,五彩羽毛，群飞起来短项,蛇山,湖北省,有五彩羽毛的鸟。群飞起来短项了一乡的天室，名叫台鸟。,五彩羽毛的鸟，群飞时短项，名叫台鸟。,无,无,鸟类,北,山经
相顾尸,反绑起来戴上极档，身怀武器,北海海内,山东省;辽宁省,有反绑起来戴上极档，身怀武器、谋逆不伯之徒，名叫相顾尸。,被反绑并戴枷锁，身怀武器的叛逆者，名叫相顾尸。,无,叛逆,混合形态或超自然生物,北,海内经
黑鸟,黑色,幽都山,河北省;山西省,山上有黑鸟、黑蛇、黑鹏、黑虎和长着毛莲莲尾巴的黑狐。,幽都山上有黑色的鸟、蛇、鹏、虎和狐。,无,不详,鸟类,北,海内经
黑鹏,黑色,幽都山,山西省;河北省,山上有黑鸟、黑蛇、黑鹏、黑虎和长着毛莲莲尾巴的黑狐。,幽都山上有黑色的鸟、蛇、鹏、虎和狐。,无,不详,鸟类,北,海内经
黑虎,黑色,幽都山,河北省;山西省,山上有黑鸟、黑蛇、黑鹏、黑虎和长着毛莲莲尾巴的黑狐。,幽都山上有黑色的鸟、蛇、鹏、虎和狐。,无,不详,兽类,北,海内经
黑狐,黑色，长着毛莲莲尾巴,幽都山,山西省;河北省,山上有黑鸟、黑蛇、黑鹏、黑虎和长着毛莲莲尾巴的黑狐。,幽都山上有黑色的鸟、蛇、鹏、虎和狐。,无,不详,兽类,北,海内经
钉灵国人,从膝盖以下都生有毛，马的蹄足,钉灵国,河北省;内蒙古自治区,这个国家的人从膝盖以下都生有毛，马的蹄足，健步如飞一说天能走三百里。,钉灵国人膝盖以下有毛，马蹄足，能日行三百里。,健步如飞,速度,混合形态或超自然生物,北,海内经
晏龙,未描述,未描述,河北省,帝俊生了晏龙，晏龙开始制造出琴和瑟这两种乐器来。,晏龙制造了琴和瑟。,制造乐器,音乐与艺术的象征,混合形态或超自然生物,未知,海内经
异乌,不详,未知,未知,孝武皇帝时尝有献异乌者，食之百物，所不家食。,汉武帝时有人献上异乌，它吃百物，但不愿吃家食。,食百物,不详,鸟类,未知,未知
反缚盗械人,反缚两手,朴属之山,山东省;河南省,项负杀窗宇，帝旋村之朴属之山，极其右足，反缚两手。,项负杀窗宇，帝将他带到朴属之山，反缚两手。,不详,不详,混合形态或超自然生物,未知,未知
